2025-11-30 14:43:03,078 - root - INFO - Bot started...
2025-11-30 14:43:03,078 - aiogram.dispatcher - INFO - Start polling
2025-11-30 14:43:03,442 - aiogram.dispatcher - INFO - Run polling for bot @karusel_chu_bot id=7978053850 - 'karusel_chu'
2025-11-30 14:43:12,734 - aiogram.event - INFO - Update id=476721868 is handled. Duration 306 ms by bot id=7978053850
2025-11-30 14:43:20,607 - aiogram.event - INFO - Update id=476721869 is handled. Duration 5802 ms by bot id=7978053850
2025-11-30 14:43:26,867 - aiogram.event - INFO - Update id=476721870 is not handled. Duration 3 ms by bot id=7978053850
2025-11-30 14:44:06,739 - aiogram.event - INFO - Update id=476721871 is not handled. Duration 3 ms by bot id=7978053850
2025-11-30 14:44:26,479 - aiogram.event - INFO - Update id=476721872 is handled. Duration 122 ms by bot id=7978053850
2025-11-30 14:44:29,780 - aiogram.event - INFO - Update id=476721873 is handled. Duration 106 ms by bot id=7978053850
2025-11-30 14:44:32,045 - aiogram.event - INFO - Update id=476721874 is handled. Duration 134 ms by bot id=7978053850
2025-11-30 14:44:35,827 - aiogram.event - INFO - Update id=476721875 is handled. Duration 345 ms by bot id=7978053850
2025-11-30 14:44:37,462 - aiogram.event - INFO - Update id=476721876 is handled. Duration 156 ms by bot id=7978053850
2025-11-30 14:44:45,764 - aiogram.event - INFO - Update id=476721877 is handled. Duration 6807 ms by bot id=7978053850
2025-11-30 14:45:50,466 - aiogram.event - INFO - Update id=476721878 is handled. Duration 119 ms by bot id=7978053850
2025-11-30 14:45:52,195 - aiogram.event - INFO - Update id=476721879 is handled. Duration 120 ms by bot id=7978053850
2025-11-30 14:45:54,207 - aiogram.event - INFO - Update id=476721880 is handled. Duration 114 ms by bot id=7978053850
2025-11-30 14:45:56,430 - aiogram.event - INFO - Update id=476721881 is handled. Duration 228 ms by bot id=7978053850
2025-11-30 14:45:58,681 - aiogram.event - INFO - Update id=476721882 is handled. Duration 170 ms by bot id=7978053850
2025-11-30 14:46:06,316 - aiogram.event - INFO - Update id=476721883 is handled. Duration 5908 ms by bot id=7978053850
2025-11-30 14:46:11,637 - aiogram.event - INFO - Update id=476721884 is handled. Duration 321 ms by bot id=7978053850
2025-11-30 14:46:14,196 - aiogram.event - INFO - Update id=476721885 is handled. Duration 117 ms by bot id=7978053850
2025-11-30 14:46:18,454 - aiogram.event - INFO - Update id=476721886 is handled. Duration 242 ms by bot id=7978053850
2025-11-30 14:46:28,636 - aiogram.event - INFO - Update id=476721887 is handled. Duration 7453 ms by bot id=7978053850
2025-11-30 14:46:38,603 - aiogram.event - INFO - Update id=476721888 is handled. Duration 252 ms by bot id=7978053850
2025-11-30 14:46:41,413 - aiogram.event - INFO - Update id=476721889 is handled. Duration 252 ms by bot id=7978053850
2025-11-30 14:46:43,152 - aiogram.event - INFO - Update id=476721890 is handled. Duration 421 ms by bot id=7978053850
2025-11-30 14:46:45,149 - aiogram.event - INFO - Update id=476721891 is handled. Duration 123 ms by bot id=7978053850
2025-11-30 14:46:46,745 - aiogram.event - INFO - Update id=476721892 is handled. Duration 209 ms by bot id=7978053850
2025-11-30 14:46:56,807 - aiogram.event - INFO - Update id=476721893 is not handled. Duration 3 ms by bot id=7978053850
2025-11-30 14:47:12,440 - root - INFO - Attempting to load font from: assets/fonts/font.ttf
2025-11-30 14:47:12,445 - root - INFO - Custom font 'standard' loaded successfully.
2025-11-30 14:47:12,453 - root - INFO - Text Position requested: center
2025-11-30 14:47:12,453 - root - INFO - Total text height: 387
2025-11-30 14:47:12,453 - root - INFO - Calculated start_y: 481
2025-11-30 14:47:12,575 - root - INFO - Attempting to load font from: assets/fonts/font.ttf
2025-11-30 14:47:12,575 - root - INFO - Custom font 'standard' loaded successfully.
2025-11-30 14:47:12,581 - root - INFO - Text Position requested: center
2025-11-30 14:47:12,581 - root - INFO - Total text height: 432
2025-11-30 14:47:12,581 - root - INFO - Calculated start_y: 459
2025-11-30 14:47:12,720 - root - INFO - Attempting to load font from: assets/fonts/font.ttf
2025-11-30 14:47:12,721 - root - INFO - Custom font 'standard' loaded successfully.
2025-11-30 14:47:12,727 - root - INFO - Text Position requested: center
2025-11-30 14:47:12,727 - root - INFO - Total text height: 426
2025-11-30 14:47:12,727 - root - INFO - Calculated start_y: 462
2025-11-30 14:47:12,863 - root - INFO - Attempting to load font from: assets/fonts/font.ttf
2025-11-30 14:47:12,863 - root - INFO - Custom font 'standard' loaded successfully.
2025-11-30 14:47:12,870 - root - INFO - Text Position requested: center
2025-11-30 14:47:12,870 - root - INFO - Total text height: 418
2025-11-30 14:47:12,870 - root - INFO - Calculated start_y: 466
2025-11-30 14:47:13,006 - root - INFO - Attempting to load font from: assets/fonts/font.ttf
2025-11-30 14:47:13,006 - root - INFO - Custom font 'standard' loaded successfully.
2025-11-30 14:47:13,014 - root - INFO - Text Position requested: center
2025-11-30 14:47:13,014 - root - INFO - Total text height: 482
2025-11-30 14:47:13,014 - root - INFO - Calculated start_y: 434
2025-11-30 14:47:13,154 - root - INFO - Attempting to load font from: assets/fonts/font.ttf
2025-11-30 14:47:13,154 - root - INFO - Custom font 'standard' loaded successfully.
2025-11-30 14:47:13,163 - root - INFO - Text Position requested: center
2025-11-30 14:47:13,163 - root - INFO - Total text height: 585
2025-11-30 14:47:13,163 - root - INFO - Calculated start_y: 382
2025-11-30 14:47:36,649 - aiogram.event - INFO - Update id=476721894 is handled. Duration 25109 ms by bot id=7978053850
2025-11-30 14:48:18,253 - aiogram.event - INFO - Update id=476721895 is handled. Duration 5450 ms by bot id=7978053850
2025-11-30 14:48:26,309 - aiogram.event - INFO - Update id=476721896 is handled. Duration 133 ms by bot id=7978053850
2025-11-30 14:48:53,143 - aiogram.event - INFO - Update id=476721897 is handled. Duration 110 ms by bot id=7978053850
2025-11-30 14:48:55,276 - aiogram.event - INFO - Update id=476721898 is handled. Duration 317 ms by bot id=7978053850
2025-11-30 14:49:04,891 - aiogram.event - INFO - Update id=476721899 is handled. Duration 7186 ms by bot id=7978053850
2025-11-30 14:49:13,138 - aiogram.event - INFO - Update id=476721900 is handled. Duration 194 ms by bot id=7978053850
2025-11-30 14:49:16,754 - aiogram.event - INFO - Update id=476721901 is handled. Duration 519 ms by bot id=7978053850
2025-11-30 14:49:18,615 - aiogram.event - INFO - Update id=476721902 is handled. Duration 188 ms by bot id=7978053850
2025-11-30 14:49:20,220 - aiogram.event - INFO - Update id=476721903 is handled. Duration 121 ms by bot id=7978053850
2025-11-30 14:49:21,483 - aiogram.event - INFO - Update id=476721904 is handled. Duration 210 ms by bot id=7978053850
2025-11-30 14:49:26,958 - root - INFO - Attempting to load font from: assets/fonts/font.ttf
2025-11-30 14:49:27,006 - root - INFO - Custom font 'standard' loaded successfully.
2025-11-30 14:49:27,014 - root - INFO - Text Position requested: center
2025-11-30 14:49:27,014 - root - INFO - Total text height: 368
2025-11-30 14:49:27,014 - root - INFO - Calculated start_y: 491
2025-11-30 14:49:27,161 - root - INFO - Attempting to load font from: assets/fonts/font.ttf
2025-11-30 14:49:27,161 - root - INFO - Custom font 'standard' loaded successfully.
2025-11-30 14:49:27,167 - root - INFO - Text Position requested: center
2025-11-30 14:49:27,167 - root - INFO - Total text height: 271
2025-11-30 14:49:27,167 - root - INFO - Calculated start_y: 539
2025-11-30 14:49:27,307 - root - INFO - Attempting to load font from: assets/fonts/font.ttf
2025-11-30 14:49:27,309 - root - INFO - Custom font 'standard' loaded successfully.
2025-11-30 14:49:27,312 - root - INFO - Text Position requested: center
2025-11-30 14:49:27,312 - root - INFO - Total text height: 315
2025-11-30 14:49:27,312 - root - INFO - Calculated start_y: 517
2025-11-30 14:49:27,451 - root - INFO - Attempting to load font from: assets/fonts/font.ttf
2025-11-30 14:49:27,452 - root - INFO - Custom font 'standard' loaded successfully.
2025-11-30 14:49:27,454 - root - INFO - Text Position requested: center
2025-11-30 14:49:27,454 - root - INFO - Total text height: 267
2025-11-30 14:49:27,454 - root - INFO - Calculated start_y: 541
2025-11-30 14:49:27,592 - root - INFO - Attempting to load font from: assets/fonts/font.ttf
2025-11-30 14:49:27,593 - root - INFO - Custom font 'standard' loaded successfully.
2025-11-30 14:49:27,597 - root - INFO - Text Position requested: center
2025-11-30 14:49:27,597 - root - INFO - Total text height: 316
2025-11-30 14:49:27,597 - root - INFO - Calculated start_y: 517
2025-11-30 14:49:27,736 - root - INFO - Attempting to load font from: assets/fonts/font.ttf
2025-11-30 14:49:27,736 - root - INFO - Custom font 'standard' loaded successfully.
2025-11-30 14:49:27,740 - root - INFO - Text Position requested: center
2025-11-30 14:49:27,740 - root - INFO - Total text height: 391
2025-11-30 14:49:27,740 - root - INFO - Calculated start_y: 479
2025-11-30 14:49:27,875 - root - INFO - Attempting to load font from: assets/fonts/font.ttf
2025-11-30 14:49:27,875 - root - INFO - Custom font 'standard' loaded successfully.
2025-11-30 14:49:27,881 - root - INFO - Text Position requested: center
2025-11-30 14:49:27,881 - root - INFO - Total text height: 344
2025-11-30 14:49:27,881 - root - INFO - Calculated start_y: 503
2025-11-30 14:49:30,033 - aiogram.event - INFO - Update id=476721905 is handled. Duration 3715 ms by bot id=7978053850
2025-11-30 14:49:58,403 - aiogram.dispatcher - WARNING - Received SIGINT signal
2025-11-30 14:49:58,406 - aiogram.dispatcher - INFO - Polling stopped for bot @karusel_chu_bot id=7978053850 - 'karusel_chu'
2025-11-30 14:49:58,407 - aiogram.dispatcher - INFO - Polling stopped
2025-11-30 14:53:56,239 - root - INFO - Bot started...
2025-11-30 14:53:56,239 - aiogram.dispatcher - INFO - Start polling
2025-11-30 14:53:56,634 - aiogram.dispatcher - INFO - Run polling for bot @karusel_chu_bot id=7978053850 - 'karusel_chu'
2025-11-30 14:54:15,118 - aiogram.event - INFO - Update id=476721906 is handled. Duration 279 ms by bot id=7978053850
2025-11-30 14:54:16,864 - aiogram.event - INFO - Update id=476721907 is handled. Duration 126 ms by bot id=7978053850
2025-11-30 14:54:26,622 - aiogram.event - INFO - Update id=476721908 is handled. Duration 117 ms by bot id=7978053850
2025-11-30 14:54:29,293 - aiogram.event - INFO - Update id=476721909 is handled. Duration 303 ms by bot id=7978053850
2025-11-30 14:54:38,517 - aiogram.event - INFO - Update id=476721910 is handled. Duration 6880 ms by bot id=7978053850
2025-11-30 14:54:47,122 - aiogram.event - INFO - Update id=476721911 is handled. Duration 208 ms by bot id=7978053850
2025-11-30 14:54:50,147 - aiogram.event - INFO - Update id=476721912 is handled. Duration 242 ms by bot id=7978053850
2025-11-30 14:54:51,572 - aiogram.event - INFO - Update id=476721913 is handled. Duration 122 ms by bot id=7978053850
2025-11-30 14:54:53,906 - aiogram.event - INFO - Update id=476721914 is handled. Duration 137 ms by bot id=7978053850
2025-11-30 14:54:56,244 - aiogram.event - INFO - Update id=476721915 is handled. Duration 189 ms by bot id=7978053850
2025-11-30 14:55:03,292 - root - INFO - Attempting to load font from: assets/fonts/font.ttf
2025-11-30 14:55:03,299 - root - INFO - Custom font 'standard' loaded successfully.
2025-11-30 14:55:03,305 - root - INFO - Text Position requested: center
2025-11-30 14:55:03,305 - root - INFO - Total text height: 368
2025-11-30 14:55:03,305 - root - INFO - Calculated start_y: 491
2025-11-30 14:55:03,432 - root - INFO - Attempting to load font from: assets/fonts/font.ttf
2025-11-30 14:55:03,432 - root - INFO - Custom font 'standard' loaded successfully.
2025-11-30 14:55:03,436 - root - INFO - Text Position requested: center
2025-11-30 14:55:03,436 - root - INFO - Total text height: 271
2025-11-30 14:55:03,436 - root - INFO - Calculated start_y: 539
2025-11-30 14:55:03,528 - root - INFO - Attempting to load font from: assets/fonts/font.ttf
2025-11-30 14:55:03,528 - root - INFO - Custom font 'standard' loaded successfully.
2025-11-30 14:55:03,531 - root - INFO - Text Position requested: center
2025-11-30 14:55:03,531 - root - INFO - Total text height: 222
2025-11-30 14:55:03,531 - root - INFO - Calculated start_y: 564
2025-11-30 14:55:03,622 - root - INFO - Attempting to load font from: assets/fonts/font.ttf
2025-11-30 14:55:03,622 - root - INFO - Custom font 'standard' loaded successfully.
2025-11-30 14:55:03,626 - root - INFO - Text Position requested: center
2025-11-30 14:55:03,626 - root - INFO - Total text height: 288
2025-11-30 14:55:03,626 - root - INFO - Calculated start_y: 531
2025-11-30 14:55:03,716 - root - INFO - Attempting to load font from: assets/fonts/font.ttf
2025-11-30 14:55:03,716 - root - INFO - Custom font 'standard' loaded successfully.
2025-11-30 14:55:03,720 - root - INFO - Text Position requested: center
2025-11-30 14:55:03,720 - root - INFO - Total text height: 298
2025-11-30 14:55:03,720 - root - INFO - Calculated start_y: 526
2025-11-30 14:55:03,808 - root - INFO - Attempting to load font from: assets/fonts/font.ttf
2025-11-30 14:55:03,808 - root - INFO - Custom font 'standard' loaded successfully.
2025-11-30 14:55:03,816 - root - INFO - Text Position requested: center
2025-11-30 14:55:03,816 - root - INFO - Total text height: 398
2025-11-30 14:55:03,816 - root - INFO - Calculated start_y: 476
2025-11-30 14:55:05,983 - aiogram.event - INFO - Update id=476721916 is handled. Duration 3402 ms by bot id=7978053850
2025-11-30 14:55:20,123 - aiogram.event - INFO - Update id=476721917 is handled. Duration 131 ms by bot id=7978053850
2025-11-30 14:55:28,626 - aiogram.event - INFO - Update id=476721918 is handled. Duration 6867 ms by bot id=7978053850
2025-11-30 14:55:32,479 - aiogram.event - INFO - Update id=476721919 is handled. Duration 106 ms by bot id=7978053850
2025-11-30 14:55:35,180 - aiogram.event - INFO - Update id=476721920 is not handled. Duration 5 ms by bot id=7978053850
2025-11-30 14:55:50,061 - aiogram.event - INFO - Update id=476721921 is handled. Duration 8740 ms by bot id=7978053850
2025-11-30 14:56:00,551 - aiogram.event - INFO - Update id=476721922 is handled. Duration 246 ms by bot id=7978053850
2025-11-30 14:56:13,987 - aiogram.event - INFO - Update id=476721923 is handled. Duration 8763 ms by bot id=7978053850
2025-11-30 14:56:17,739 - aiogram.event - INFO - Update id=476721924 is handled. Duration 318 ms by bot id=7978053850
2025-11-30 14:56:20,148 - aiogram.event - INFO - Update id=476721925 is handled. Duration 304 ms by bot id=7978053850
2025-11-30 14:56:25,475 - aiogram.event - INFO - Update id=476721926 is handled. Duration 231 ms by bot id=7978053850
2025-11-30 14:56:28,184 - httpx - INFO - HTTP Request: POST https://queue.fal.run/fal-ai/nano-banana "HTTP/1.1 200 OK"
2025-11-30 14:56:28,367 - httpx - INFO - HTTP Request: GET https://queue.fal.run/fal-ai/nano-banana/requests/7a91891c-f3ae-4525-a0b1-43889a12279b/status?logs=false "HTTP/1.1 202 Accepted"
2025-11-30 14:56:28,675 - httpx - INFO - HTTP Request: GET https://queue.fal.run/fal-ai/nano-banana/requests/7a91891c-f3ae-4525-a0b1-43889a12279b/status?logs=false "HTTP/1.1 202 Accepted"
2025-11-30 14:56:28,963 - httpx - INFO - HTTP Request: GET https://queue.fal.run/fal-ai/nano-banana/requests/7a91891c-f3ae-4525-a0b1-43889a12279b/status?logs=false "HTTP/1.1 202 Accepted"
2025-11-30 14:56:29,249 - httpx - INFO - HTTP Request: GET https://queue.fal.run/fal-ai/nano-banana/requests/7a91891c-f3ae-4525-a0b1-43889a12279b/status?logs=false "HTTP/1.1 202 Accepted"
2025-11-30 14:56:29,529 - httpx - INFO - HTTP Request: GET https://queue.fal.run/fal-ai/nano-banana/requests/7a91891c-f3ae-4525-a0b1-43889a12279b/status?logs=false "HTTP/1.1 202 Accepted"
2025-11-30 14:56:29,826 - httpx - INFO - HTTP Request: GET https://queue.fal.run/fal-ai/nano-banana/requests/7a91891c-f3ae-4525-a0b1-43889a12279b/status?logs=false "HTTP/1.1 202 Accepted"
2025-11-30 14:56:30,107 - httpx - INFO - HTTP Request: GET https://queue.fal.run/fal-ai/nano-banana/requests/7a91891c-f3ae-4525-a0b1-43889a12279b/status?logs=false "HTTP/1.1 202 Accepted"
2025-11-30 14:56:30,394 - httpx - INFO - HTTP Request: GET https://queue.fal.run/fal-ai/nano-banana/requests/7a91891c-f3ae-4525-a0b1-43889a12279b/status?logs=false "HTTP/1.1 202 Accepted"
2025-11-30 14:56:30,678 - httpx - INFO - HTTP Request: GET https://queue.fal.run/fal-ai/nano-banana/requests/7a91891c-f3ae-4525-a0b1-43889a12279b/status?logs=false "HTTP/1.1 202 Accepted"
2025-11-30 14:56:30,960 - httpx - INFO - HTTP Request: GET https://queue.fal.run/fal-ai/nano-banana/requests/7a91891c-f3ae-4525-a0b1-43889a12279b/status?logs=false "HTTP/1.1 202 Accepted"
2025-11-30 14:56:31,241 - httpx - INFO - HTTP Request: GET https://queue.fal.run/fal-ai/nano-banana/requests/7a91891c-f3ae-4525-a0b1-43889a12279b/status?logs=false "HTTP/1.1 202 Accepted"
2025-11-30 14:56:31,522 - httpx - INFO - HTTP Request: GET https://queue.fal.run/fal-ai/nano-banana/requests/7a91891c-f3ae-4525-a0b1-43889a12279b/status?logs=false "HTTP/1.1 202 Accepted"
2025-11-30 14:56:31,808 - httpx - INFO - HTTP Request: GET https://queue.fal.run/fal-ai/nano-banana/requests/7a91891c-f3ae-4525-a0b1-43889a12279b/status?logs=false "HTTP/1.1 202 Accepted"
2025-11-30 14:56:32,091 - httpx - INFO - HTTP Request: GET https://queue.fal.run/fal-ai/nano-banana/requests/7a91891c-f3ae-4525-a0b1-43889a12279b/status?logs=false "HTTP/1.1 202 Accepted"
2025-11-30 14:56:32,376 - httpx - INFO - HTTP Request: GET https://queue.fal.run/fal-ai/nano-banana/requests/7a91891c-f3ae-4525-a0b1-43889a12279b/status?logs=false "HTTP/1.1 202 Accepted"
2025-11-30 14:56:32,658 - httpx - INFO - HTTP Request: GET https://queue.fal.run/fal-ai/nano-banana/requests/7a91891c-f3ae-4525-a0b1-43889a12279b/status?logs=false "HTTP/1.1 202 Accepted"
2025-11-30 14:56:32,944 - httpx - INFO - HTTP Request: GET https://queue.fal.run/fal-ai/nano-banana/requests/7a91891c-f3ae-4525-a0b1-43889a12279b/status?logs=false "HTTP/1.1 202 Accepted"
2025-11-30 14:56:33,224 - httpx - INFO - HTTP Request: GET https://queue.fal.run/fal-ai/nano-banana/requests/7a91891c-f3ae-4525-a0b1-43889a12279b/status?logs=false "HTTP/1.1 202 Accepted"
2025-11-30 14:56:33,505 - httpx - INFO - HTTP Request: GET https://queue.fal.run/fal-ai/nano-banana/requests/7a91891c-f3ae-4525-a0b1-43889a12279b/status?logs=false "HTTP/1.1 202 Accepted"
2025-11-30 14:56:33,809 - httpx - INFO - HTTP Request: GET https://queue.fal.run/fal-ai/nano-banana/requests/7a91891c-f3ae-4525-a0b1-43889a12279b/status?logs=false "HTTP/1.1 202 Accepted"
2025-11-30 14:56:34,091 - httpx - INFO - HTTP Request: GET https://queue.fal.run/fal-ai/nano-banana/requests/7a91891c-f3ae-4525-a0b1-43889a12279b/status?logs=false "HTTP/1.1 202 Accepted"
2025-11-30 14:56:34,374 - httpx - INFO - HTTP Request: GET https://queue.fal.run/fal-ai/nano-banana/requests/7a91891c-f3ae-4525-a0b1-43889a12279b/status?logs=false "HTTP/1.1 202 Accepted"
2025-11-30 14:56:34,658 - httpx - INFO - HTTP Request: GET https://queue.fal.run/fal-ai/nano-banana/requests/7a91891c-f3ae-4525-a0b1-43889a12279b/status?logs=false "HTTP/1.1 200 OK"
2025-11-30 14:56:34,838 - httpx - INFO - HTTP Request: GET https://queue.fal.run/fal-ai/nano-banana/requests/7a91891c-f3ae-4525-a0b1-43889a12279b "HTTP/1.1 200 OK"
2025-11-30 14:56:34,839 - root - INFO - Fal.ai result: {'images': [{'url': 'https://v3b.fal.media/files/b/0a846b4a/C10LrJIWuO7nwRtFNYJ_j.png', 'content_type': 'image/png', 'file_name': 'C10LrJIWuO7nwRtFNYJ_j.png', 'file_size': None, 'width': None, 'height': None}], 'description': 'Here is an abstract glitch background with a soft blur, dark base, neon accents, and digital distortion, without any readable shapes, text, or objects.\n'}
2025-11-30 14:56:37,569 - root - INFO - Attempting to load font from: assets/fonts/font.ttf
2025-11-30 14:56:37,576 - root - INFO - Custom font 'standard' loaded successfully.
2025-11-30 14:56:37,582 - root - INFO - Text Position requested: center
2025-11-30 14:56:37,582 - root - INFO - Total text height: 298
2025-11-30 14:56:37,582 - root - INFO - Calculated start_y: 526
2025-11-30 14:56:39,768 - root - INFO - Attempting to load font from: assets/fonts/font.ttf
2025-11-30 14:56:39,768 - root - INFO - Custom font 'standard' loaded successfully.
2025-11-30 14:56:39,773 - root - INFO - Text Position requested: center
2025-11-30 14:56:39,773 - root - INFO - Total text height: 271
2025-11-30 14:56:39,773 - root - INFO - Calculated start_y: 539
2025-11-30 14:56:43,010 - root - INFO - Attempting to load font from: assets/fonts/font.ttf
2025-11-30 14:56:43,011 - root - INFO - Custom font 'standard' loaded successfully.
2025-11-30 14:56:43,014 - root - INFO - Text Position requested: center
2025-11-30 14:56:43,014 - root - INFO - Total text height: 222
2025-11-30 14:56:43,014 - root - INFO - Calculated start_y: 564
2025-11-30 14:56:45,246 - root - INFO - Attempting to load font from: assets/fonts/font.ttf
2025-11-30 14:56:45,247 - root - INFO - Custom font 'standard' loaded successfully.
2025-11-30 14:56:45,253 - root - INFO - Text Position requested: center
2025-11-30 14:56:45,253 - root - INFO - Total text height: 288
2025-11-30 14:56:45,253 - root - INFO - Calculated start_y: 531
2025-11-30 14:56:48,014 - root - INFO - Attempting to load font from: assets/fonts/font.ttf
2025-11-30 14:56:48,019 - root - INFO - Custom font 'standard' loaded successfully.
2025-11-30 14:56:48,025 - root - INFO - Text Position requested: center
2025-11-30 14:56:48,025 - root - INFO - Total text height: 298
2025-11-30 14:56:48,025 - root - INFO - Calculated start_y: 526
2025-11-30 14:56:50,560 - root - INFO - Attempting to load font from: assets/fonts/font.ttf
2025-11-30 14:56:50,560 - root - INFO - Custom font 'standard' loaded successfully.
2025-11-30 14:56:50,570 - root - INFO - Text Position requested: center
2025-11-30 14:56:50,570 - root - INFO - Total text height: 333
2025-11-30 14:56:50,570 - root - INFO - Calculated start_y: 508
2025-11-30 14:56:53,544 - aiogram.event - INFO - Update id=476721927 is handled. Duration 26387 ms by bot id=7978053850
2025-11-30 15:01:20,990 - aiogram.dispatcher - WARNING - Received SIGINT signal
2025-11-30 15:01:20,996 - aiogram.dispatcher - INFO - Polling stopped for bot @karusel_chu_bot id=7978053850 - 'karusel_chu'
2025-11-30 15:01:20,998 - aiogram.dispatcher - INFO - Polling stopped
2025-11-30 15:03:37,964 - root - INFO - Database initialized successfully.
2025-11-30 15:03:37,964 - root - INFO - Bot started...
2025-11-30 15:03:37,965 - aiogram.dispatcher - INFO - Start polling
2025-11-30 15:03:38,344 - aiogram.dispatcher - INFO - Run polling for bot @karusel_chu_bot id=7978053850 - 'karusel_chu'
2025-11-30 15:03:47,354 - aiogram.event - INFO - Update id=476721928 is handled. Duration 293 ms by bot id=7978053850
2025-11-30 15:03:48,869 - aiogram.event - INFO - Update id=476721929 is handled. Duration 133 ms by bot id=7978053850
2025-11-30 15:03:52,839 - aiogram.event - INFO - Update id=476721930 is handled. Duration 232 ms by bot id=7978053850
2025-11-30 15:04:04,622 - aiogram.event - INFO - Update id=476721931 is handled. Duration 166 ms by bot id=7978053850
2025-11-30 15:04:09,852 - aiogram.event - INFO - Update id=476721932 is handled. Duration 158 ms by bot id=7978053850
2025-11-30 15:04:24,129 - aiogram.event - INFO - Update id=476721933 is handled. Duration 131 ms by bot id=7978053850
2025-11-30 15:04:34,061 - aiogram.event - INFO - Update id=476721934 is handled. Duration 7065 ms by bot id=7978053850
2025-11-30 15:04:53,091 - aiogram.event - INFO - Update id=476721935 is handled. Duration 310 ms by bot id=7978053850
2025-11-30 15:05:00,055 - aiogram.event - INFO - Update id=476721936 is handled. Duration 5536 ms by bot id=7978053850
2025-11-30 15:05:07,944 - aiogram.event - INFO - Update id=476721937 is handled. Duration 240 ms by bot id=7978053850
2025-11-30 15:05:12,332 - aiogram.event - INFO - Update id=476721938 is handled. Duration 285 ms by bot id=7978053850
2025-11-30 15:05:16,227 - aiogram.event - INFO - Update id=476721939 is handled. Duration 151 ms by bot id=7978053850
2025-11-30 15:05:19,209 - aiogram.event - INFO - Update id=476721940 is handled. Duration 145 ms by bot id=7978053850
2025-11-30 15:05:21,377 - aiogram.event - INFO - Update id=476721941 is handled. Duration 233 ms by bot id=7978053850
2025-11-30 15:05:29,580 - root - INFO - Attempting to load font from: assets/fonts/font.ttf
2025-11-30 15:05:29,587 - root - INFO - Custom font 'standard' loaded successfully.
2025-11-30 15:05:29,593 - root - INFO - Text Position requested: center
2025-11-30 15:05:29,593 - root - INFO - Total text height: 283
2025-11-30 15:05:29,593 - root - INFO - Calculated start_y: 533
2025-11-30 15:05:29,746 - root - INFO - Attempting to load font from: assets/fonts/font.ttf
2025-11-30 15:05:29,746 - root - INFO - Custom font 'standard' loaded successfully.
2025-11-30 15:05:29,748 - root - INFO - Text Position requested: center
2025-11-30 15:05:29,748 - root - INFO - Total text height: 177
2025-11-30 15:05:29,748 - root - INFO - Calculated start_y: 586
2025-11-30 15:05:29,838 - root - INFO - Attempting to load font from: assets/fonts/font.ttf
2025-11-30 15:05:29,839 - root - INFO - Custom font 'standard' loaded successfully.
2025-11-30 15:05:29,841 - root - INFO - Text Position requested: center
2025-11-30 15:05:29,841 - root - INFO - Total text height: 184
2025-11-30 15:05:29,841 - root - INFO - Calculated start_y: 583
2025-11-30 15:05:29,930 - root - INFO - Attempting to load font from: assets/fonts/font.ttf
2025-11-30 15:05:29,931 - root - INFO - Custom font 'standard' loaded successfully.
2025-11-30 15:05:29,935 - root - INFO - Text Position requested: center
2025-11-30 15:05:29,935 - root - INFO - Total text height: 327
2025-11-30 15:05:29,935 - root - INFO - Calculated start_y: 511
2025-11-30 15:05:30,025 - root - INFO - Attempting to load font from: assets/fonts/font.ttf
2025-11-30 15:05:30,025 - root - INFO - Custom font 'standard' loaded successfully.
2025-11-30 15:05:30,029 - root - INFO - Text Position requested: center
2025-11-30 15:05:30,029 - root - INFO - Total text height: 250
2025-11-30 15:05:30,029 - root - INFO - Calculated start_y: 550
2025-11-30 15:05:30,120 - root - INFO - Attempting to load font from: assets/fonts/font.ttf
2025-11-30 15:05:30,120 - root - INFO - Custom font 'standard' loaded successfully.
2025-11-30 15:05:30,124 - root - INFO - Text Position requested: center
2025-11-30 15:05:30,124 - root - INFO - Total text height: 289
2025-11-30 15:05:30,124 - root - INFO - Calculated start_y: 530
2025-11-30 15:05:32,186 - aiogram.event - INFO - Update id=476721942 is handled. Duration 3378 ms by bot id=7978053850
2025-11-30 15:06:00,958 - aiogram.event - INFO - Update id=476721943 is not handled. Duration 7 ms by bot id=7978053850
2025-11-30 15:08:11,966 - aiogram.dispatcher - WARNING - Received SIGINT signal
2025-11-30 15:08:11,973 - aiogram.dispatcher - INFO - Polling stopped for bot @karusel_chu_bot id=7978053850 - 'karusel_chu'
2025-11-30 15:08:11,973 - aiogram.dispatcher - INFO - Polling stopped
2025-11-30 15:08:24,751 - root - INFO - Database initialized successfully.
2025-11-30 15:08:24,751 - root - INFO - Bot started...
2025-11-30 15:08:24,751 - aiogram.dispatcher - INFO - Start polling
2025-11-30 15:08:25,126 - aiogram.dispatcher - INFO - Run polling for bot @karusel_chu_bot id=7978053850 - 'karusel_chu'
2025-11-30 15:08:35,637 - aiogram.event - INFO - Update id=476721944 is handled. Duration 295 ms by bot id=7978053850
2025-11-30 15:09:04,891 - aiogram.event - INFO - Update id=476721945 is handled. Duration 7121 ms by bot id=7978053850
2025-11-30 15:09:11,556 - aiogram.event - INFO - Update id=476721946 is handled. Duration 248 ms by bot id=7978053850
2025-11-30 15:09:37,075 - aiogram.event - INFO - Update id=476721947 is handled. Duration 23832 ms by bot id=7978053850
2025-11-30 15:09:44,930 - aiogram.event - INFO - Update id=476721948 is handled. Duration 226 ms by bot id=7978053850
2025-11-30 15:09:48,207 - aiogram.event - INFO - Update id=476721949 is handled. Duration 271 ms by bot id=7978053850
2025-11-30 15:09:52,127 - aiogram.event - INFO - Update id=476721950 is handled. Duration 122 ms by bot id=7978053850
2025-11-30 15:09:53,992 - aiogram.event - INFO - Update id=476721951 is handled. Duration 125 ms by bot id=7978053850
2025-11-30 15:09:55,674 - aiogram.event - INFO - Update id=476721952 is handled. Duration 206 ms by bot id=7978053850
2025-11-30 15:10:02,317 - httpx - INFO - HTTP Request: POST https://queue.fal.run/fal-ai/nano-banana "HTTP/1.1 200 OK"
2025-11-30 15:10:02,500 - httpx - INFO - HTTP Request: GET https://queue.fal.run/fal-ai/nano-banana/requests/e04496a0-ac05-48d6-85d2-0940925ea1b3/status?logs=false "HTTP/1.1 202 Accepted"
2025-11-30 15:10:02,785 - httpx - INFO - HTTP Request: GET https://queue.fal.run/fal-ai/nano-banana/requests/e04496a0-ac05-48d6-85d2-0940925ea1b3/status?logs=false "HTTP/1.1 202 Accepted"
2025-11-30 15:10:03,069 - httpx - INFO - HTTP Request: GET https://queue.fal.run/fal-ai/nano-banana/requests/e04496a0-ac05-48d6-85d2-0940925ea1b3/status?logs=false "HTTP/1.1 202 Accepted"
2025-11-30 15:10:03,362 - httpx - INFO - HTTP Request: GET https://queue.fal.run/fal-ai/nano-banana/requests/e04496a0-ac05-48d6-85d2-0940925ea1b3/status?logs=false "HTTP/1.1 202 Accepted"
2025-11-30 15:10:03,658 - httpx - INFO - HTTP Request: GET https://queue.fal.run/fal-ai/nano-banana/requests/e04496a0-ac05-48d6-85d2-0940925ea1b3/status?logs=false "HTTP/1.1 202 Accepted"
2025-11-30 15:10:03,948 - httpx - INFO - HTTP Request: GET https://queue.fal.run/fal-ai/nano-banana/requests/e04496a0-ac05-48d6-85d2-0940925ea1b3/status?logs=false "HTTP/1.1 202 Accepted"
2025-11-30 15:10:04,238 - httpx - INFO - HTTP Request: GET https://queue.fal.run/fal-ai/nano-banana/requests/e04496a0-ac05-48d6-85d2-0940925ea1b3/status?logs=false "HTTP/1.1 202 Accepted"
2025-11-30 15:10:04,525 - httpx - INFO - HTTP Request: GET https://queue.fal.run/fal-ai/nano-banana/requests/e04496a0-ac05-48d6-85d2-0940925ea1b3/status?logs=false "HTTP/1.1 202 Accepted"
2025-11-30 15:10:04,817 - httpx - INFO - HTTP Request: GET https://queue.fal.run/fal-ai/nano-banana/requests/e04496a0-ac05-48d6-85d2-0940925ea1b3/status?logs=false "HTTP/1.1 202 Accepted"
2025-11-30 15:10:05,105 - httpx - INFO - HTTP Request: GET https://queue.fal.run/fal-ai/nano-banana/requests/e04496a0-ac05-48d6-85d2-0940925ea1b3/status?logs=false "HTTP/1.1 202 Accepted"
2025-11-30 15:10:05,400 - httpx - INFO - HTTP Request: GET https://queue.fal.run/fal-ai/nano-banana/requests/e04496a0-ac05-48d6-85d2-0940925ea1b3/status?logs=false "HTTP/1.1 202 Accepted"
2025-11-30 15:10:05,690 - httpx - INFO - HTTP Request: GET https://queue.fal.run/fal-ai/nano-banana/requests/e04496a0-ac05-48d6-85d2-0940925ea1b3/status?logs=false "HTTP/1.1 202 Accepted"
2025-11-30 15:10:05,979 - httpx - INFO - HTTP Request: GET https://queue.fal.run/fal-ai/nano-banana/requests/e04496a0-ac05-48d6-85d2-0940925ea1b3/status?logs=false "HTTP/1.1 202 Accepted"
2025-11-30 15:10:06,269 - httpx - INFO - HTTP Request: GET https://queue.fal.run/fal-ai/nano-banana/requests/e04496a0-ac05-48d6-85d2-0940925ea1b3/status?logs=false "HTTP/1.1 202 Accepted"
2025-11-30 15:10:06,556 - httpx - INFO - HTTP Request: GET https://queue.fal.run/fal-ai/nano-banana/requests/e04496a0-ac05-48d6-85d2-0940925ea1b3/status?logs=false "HTTP/1.1 202 Accepted"
2025-11-30 15:10:06,840 - httpx - INFO - HTTP Request: GET https://queue.fal.run/fal-ai/nano-banana/requests/e04496a0-ac05-48d6-85d2-0940925ea1b3/status?logs=false "HTTP/1.1 202 Accepted"
2025-11-30 15:10:07,138 - httpx - INFO - HTTP Request: GET https://queue.fal.run/fal-ai/nano-banana/requests/e04496a0-ac05-48d6-85d2-0940925ea1b3/status?logs=false "HTTP/1.1 202 Accepted"
2025-11-30 15:10:07,810 - httpx - INFO - HTTP Request: GET https://queue.fal.run/fal-ai/nano-banana/requests/e04496a0-ac05-48d6-85d2-0940925ea1b3/status?logs=false "HTTP/1.1 202 Accepted"
2025-11-30 15:10:08,098 - httpx - INFO - HTTP Request: GET https://queue.fal.run/fal-ai/nano-banana/requests/e04496a0-ac05-48d6-85d2-0940925ea1b3/status?logs=false "HTTP/1.1 202 Accepted"
2025-11-30 15:10:08,378 - httpx - INFO - HTTP Request: GET https://queue.fal.run/fal-ai/nano-banana/requests/e04496a0-ac05-48d6-85d2-0940925ea1b3/status?logs=false "HTTP/1.1 200 OK"
2025-11-30 15:10:08,570 - httpx - INFO - HTTP Request: GET https://queue.fal.run/fal-ai/nano-banana/requests/e04496a0-ac05-48d6-85d2-0940925ea1b3 "HTTP/1.1 200 OK"
2025-11-30 15:10:08,570 - root - INFO - Fal.ai result: {'images': [{'url': 'https://v3b.fal.media/files/b/0a846b9c/0Np0jwo2OIPVliN2DNkxp.png', 'content_type': 'image/png', 'file_name': '0Np0jwo2OIPVliN2DNkxp.png', 'file_size': None, 'width': None, 'height': None}], 'description': "Sure, here's an image of a soft lofi abstract background in blue and cyan tones:\n\n\nsoft lofi abstract background blue and cyan tones gentle smudges and gradients soft blur no text no objects dreamy minimal --no\n\n\nhttps://pfst.cf2.poecdn.net/base/image/a9c697116d3aa8fc166462bbe52859d860f970c4a366b66000fa4513f5c0d388?w=1024&h=1024"}
2025-11-30 15:10:08,638 - root - INFO - Attempting to load font from: assets/fonts/font.ttf
2025-11-30 15:10:08,645 - root - INFO - Custom font 'standard' loaded successfully.
2025-11-30 15:10:08,648 - root - INFO - Text Position requested: center
2025-11-30 15:10:08,648 - root - INFO - Total text height: 194
2025-11-30 15:10:08,648 - root - INFO - Calculated start_y: 578
2025-11-30 15:10:10,478 - root - INFO - Attempting to load font from: assets/fonts/font.ttf
2025-11-30 15:10:10,478 - root - INFO - Custom font 'standard' loaded successfully.
2025-11-30 15:10:10,483 - root - INFO - Text Position requested: center
2025-11-30 15:10:10,483 - root - INFO - Total text height: 250
2025-11-30 15:10:10,483 - root - INFO - Calculated start_y: 550
2025-11-30 15:10:13,622 - root - INFO - Attempting to load font from: assets/fonts/font.ttf
2025-11-30 15:10:13,623 - root - INFO - Custom font 'standard' loaded successfully.
2025-11-30 15:10:13,627 - root - INFO - Text Position requested: center
2025-11-30 15:10:13,627 - root - INFO - Total text height: 251
2025-11-30 15:10:13,627 - root - INFO - Calculated start_y: 549
2025-11-30 15:10:15,688 - root - INFO - Attempting to load font from: assets/fonts/font.ttf
2025-11-30 15:10:15,689 - root - INFO - Custom font 'standard' loaded successfully.
2025-11-30 15:10:15,698 - root - INFO - Text Position requested: center
2025-11-30 15:10:15,699 - root - INFO - Total text height: 297
2025-11-30 15:10:15,699 - root - INFO - Calculated start_y: 526
2025-11-30 15:10:17,403 - root - INFO - Attempting to load font from: assets/fonts/font.ttf
2025-11-30 15:10:17,403 - root - INFO - Custom font 'standard' loaded successfully.
2025-11-30 15:10:17,407 - root - INFO - Text Position requested: center
2025-11-30 15:10:17,407 - root - INFO - Total text height: 222
2025-11-30 15:10:17,407 - root - INFO - Calculated start_y: 564
2025-11-30 15:10:19,099 - aiogram.event - INFO - Update id=476721953 is handled. Duration 18038 ms by bot id=7978053850
2025-11-30 15:10:42,822 - aiogram.event - INFO - Update id=476721954 is handled. Duration 144 ms by bot id=7978053850
2025-11-30 15:10:50,247 - aiogram.event - INFO - Update id=476721955 is handled. Duration 147 ms by bot id=7978053850
2025-11-30 15:10:52,860 - aiogram.event - INFO - Update id=476721956 is handled. Duration 442 ms by bot id=7978053850
2025-11-30 15:11:01,822 - aiogram.event - INFO - Update id=476721957 is handled. Duration 7426 ms by bot id=7978053850
2025-11-30 15:11:05,374 - aiogram.event - INFO - Update id=476721958 is handled. Duration 263 ms by bot id=7978053850
2025-11-30 15:11:09,524 - aiogram.event - INFO - Update id=476721959 is handled. Duration 217 ms by bot id=7978053850
2025-11-30 15:11:12,405 - aiogram.event - INFO - Update id=476721960 is handled. Duration 219 ms by bot id=7978053850
2025-11-30 15:11:14,478 - aiogram.event - INFO - Update id=476721961 is handled. Duration 131 ms by bot id=7978053850
2025-11-30 15:11:16,542 - aiogram.event - INFO - Update id=476721962 is handled. Duration 137 ms by bot id=7978053850
2025-11-30 15:11:18,420 - root - INFO - Attempting to load font from: assets/fonts/font.ttf
2025-11-30 15:11:18,423 - root - INFO - Custom font 'standard' loaded successfully.
2025-11-30 15:11:18,432 - root - INFO - Text Position requested: center
2025-11-30 15:11:18,432 - root - INFO - Total text height: 368
2025-11-30 15:11:18,432 - root - INFO - Calculated start_y: 491
2025-11-30 15:11:18,556 - root - INFO - Attempting to load font from: assets/fonts/font.ttf
2025-11-30 15:11:18,556 - root - INFO - Custom font 'standard' loaded successfully.
2025-11-30 15:11:18,560 - root - INFO - Text Position requested: center
2025-11-30 15:11:18,560 - root - INFO - Total text height: 295
2025-11-30 15:11:18,560 - root - INFO - Calculated start_y: 527
2025-11-30 15:11:18,679 - root - INFO - Attempting to load font from: assets/fonts/font.ttf
2025-11-30 15:11:18,679 - root - INFO - Custom font 'standard' loaded successfully.
2025-11-30 15:11:18,682 - root - INFO - Text Position requested: center
2025-11-30 15:11:18,682 - root - INFO - Total text height: 240
2025-11-30 15:11:18,682 - root - INFO - Calculated start_y: 555
2025-11-30 15:11:19,950 - aiogram.event - INFO - Update id=476721963 is handled. Duration 1782 ms by bot id=7978053850
2025-11-30 15:12:42,264 - aiogram.dispatcher - WARNING - Received SIGINT signal
2025-11-30 15:12:42,268 - aiogram.dispatcher - INFO - Polling stopped for bot @karusel_chu_bot id=7978053850 - 'karusel_chu'
2025-11-30 15:12:42,269 - aiogram.dispatcher - INFO - Polling stopped
2025-11-30 15:14:04,581 - root - INFO - Database initialized successfully.
2025-11-30 15:14:04,581 - root - INFO - Bot started...
2025-11-30 15:14:04,581 - aiogram.dispatcher - INFO - Start polling
2025-11-30 15:14:04,935 - aiogram.dispatcher - INFO - Run polling for bot @karusel_chu_bot id=7978053850 - 'karusel_chu'
2025-11-30 15:14:15,578 - aiogram.event - INFO - Update id=476721964 is handled. Duration 291 ms by bot id=7978053850
2025-11-30 15:14:31,616 - aiogram.event - INFO - Update id=476721965 is handled. Duration 111 ms by bot id=7978053850
2025-11-30 15:14:35,670 - aiogram.event - INFO - Update id=476721966 is handled. Duration 236 ms by bot id=7978053850
2025-11-30 15:14:47,009 - aiogram.event - INFO - Update id=476721967 is handled. Duration 9025 ms by bot id=7978053850
2025-11-30 15:14:49,076 - aiogram.event - INFO - Update id=476721968 is handled. Duration 201 ms by bot id=7978053850
2025-11-30 15:14:51,896 - aiogram.event - INFO - Update id=476721969 is handled. Duration 278 ms by bot id=7978053850
2025-11-30 15:14:58,543 - aiogram.event - INFO - Update id=476721970 is handled. Duration 579 ms by bot id=7978053850
2025-11-30 15:15:03,421 - aiogram.event - INFO - Update id=476721971 is handled. Duration 243 ms by bot id=7978053850
2025-11-30 15:15:04,968 - aiogram.event - INFO - Update id=476721972 is handled. Duration 137 ms by bot id=7978053850
2025-11-30 15:15:06,923 - aiogram.event - INFO - Update id=476721973 is handled. Duration 141 ms by bot id=7978053850
2025-11-30 15:15:08,729 - aiogram.event - INFO - Update id=476721974 is handled. Duration 226 ms by bot id=7978053850
2025-11-30 15:15:10,571 - aiogram.event - INFO - Update id=476721975 is not handled. Duration 353 ms by bot id=7978053850
2025-11-30 15:15:10,572 - aiogram.event - ERROR - Cause exception while process update id=476721975 by bot id=7978053850
TypeError: error_handler() missing 1 required positional argument: 'exception'
Traceback (most recent call last):
  File "/Users/ilyachumachenkov/Documents/testanguliar/.venv/lib/python3.12/site-packages/aiogram/dispatcher/middlewares/error.py", line 25, in __call__
    return await handler(event, data)
           ^^^^^^^^^^^^^^^^^^^^^^^^^^
  File "/Users/ilyachumachenkov/Documents/testanguliar/.venv/lib/python3.12/site-packages/aiogram/dispatcher/middlewares/user_context.py", line 56, in __call__
    return await handler(event, data)
           ^^^^^^^^^^^^^^^^^^^^^^^^^^
  File "/Users/ilyachumachenkov/Documents/testanguliar/.venv/lib/python3.12/site-packages/aiogram/fsm/middleware.py", line 42, in __call__
    return await handler(event, data)
           ^^^^^^^^^^^^^^^^^^^^^^^^^^
  File "/Users/ilyachumachenkov/Documents/testanguliar/.venv/lib/python3.12/site-packages/aiogram/dispatcher/event/telegram.py", line 121, in trigger
    return await wrapped_inner(event, kwargs)
           ^^^^^^^^^^^^^^^^^^^^^^^^^^^^^^^^^^
  File "/Users/ilyachumachenkov/Documents/testanguliar/.venv/lib/python3.12/site-packages/aiogram/dispatcher/event/handler.py", line 43, in call
    return await wrapped()
           ^^^^^^^^^^^^^^^
  File "/Users/ilyachumachenkov/Documents/testanguliar/.venv/lib/python3.12/site-packages/aiogram/dispatcher/dispatcher.py", line 276, in _listen_update
    return await self.propagate_event(update_type=update_type, event=event, **kwargs)
           ^^^^^^^^^^^^^^^^^^^^^^^^^^^^^^^^^^^^^^^^^^^^^^^^^^^^^^^^^^^^^^^^^^^^^^^^^^
  File "/Users/ilyachumachenkov/Documents/testanguliar/.venv/lib/python3.12/site-packages/aiogram/dispatcher/router.py", line 146, in propagate_event
    return await observer.wrap_outer_middleware(_wrapped, event=event, data=kwargs)
           ^^^^^^^^^^^^^^^^^^^^^^^^^^^^^^^^^^^^^^^^^^^^^^^^^^^^^^^^^^^^^^^^^^^^^^^^
  File "/Users/ilyachumachenkov/Documents/testanguliar/.venv/lib/python3.12/site-packages/aiogram/dispatcher/router.py", line 141, in _wrapped
    return await self._propagate_event(
           ^^^^^^^^^^^^^^^^^^^^^^^^^^^^
  File "/Users/ilyachumachenkov/Documents/testanguliar/.venv/lib/python3.12/site-packages/aiogram/dispatcher/router.py", line 174, in _propagate_event
    response = await router.propagate_event(update_type=update_type, event=event, **kwargs)
               ^^^^^^^^^^^^^^^^^^^^^^^^^^^^^^^^^^^^^^^^^^^^^^^^^^^^^^^^^^^^^^^^^^^^^^^^^^^^
  File "/Users/ilyachumachenkov/Documents/testanguliar/.venv/lib/python3.12/site-packages/aiogram/dispatcher/router.py", line 146, in propagate_event
    return await observer.wrap_outer_middleware(_wrapped, event=event, data=kwargs)
           ^^^^^^^^^^^^^^^^^^^^^^^^^^^^^^^^^^^^^^^^^^^^^^^^^^^^^^^^^^^^^^^^^^^^^^^^
  File "/Users/ilyachumachenkov/Documents/testanguliar/.venv/lib/python3.12/site-packages/aiogram/dispatcher/router.py", line 141, in _wrapped
    return await self._propagate_event(
           ^^^^^^^^^^^^^^^^^^^^^^^^^^^^
  File "/Users/ilyachumachenkov/Documents/testanguliar/.venv/lib/python3.12/site-packages/aiogram/dispatcher/router.py", line 166, in _propagate_event
    response = await observer.trigger(event, **kwargs)
               ^^^^^^^^^^^^^^^^^^^^^^^^^^^^^^^^^^^^^^^
  File "/Users/ilyachumachenkov/Documents/testanguliar/.venv/lib/python3.12/site-packages/aiogram/dispatcher/event/telegram.py", line 121, in trigger
    return await wrapped_inner(event, kwargs)
           ^^^^^^^^^^^^^^^^^^^^^^^^^^^^^^^^^^
  File "/Users/ilyachumachenkov/Documents/testanguliar/.venv/lib/python3.12/site-packages/aiogram/dispatcher/event/handler.py", line 43, in call
    return await wrapped()
           ^^^^^^^^^^^^^^^
  File "/Users/ilyachumachenkov/Documents/testanguliar/handlers/carousel_flow.py", line 651, in position_chosen
    await generate_carousel(callback.message, state)
  File "/Users/ilyachumachenkov/Documents/testanguliar/handlers/carousel_flow.py", line 717, in generate_carousel
    logo_text=user_logo
              ^^^^^^^^^
NameError: name 'user_logo' is not defined. Did you mean: 'get_user_logo'?

During handling of the above exception, another exception occurred:

Traceback (most recent call last):
  File "/Users/ilyachumachenkov/Documents/testanguliar/.venv/lib/python3.12/site-packages/aiogram/dispatcher/dispatcher.py", line 309, in _process_update
    response = await self.feed_update(bot, update, **kwargs)
               ^^^^^^^^^^^^^^^^^^^^^^^^^^^^^^^^^^^^^^^^^^^^^
  File "/Users/ilyachumachenkov/Documents/testanguliar/.venv/lib/python3.12/site-packages/aiogram/dispatcher/dispatcher.py", line 158, in feed_update
    response = await self.update.wrap_outer_middleware(
               ^^^^^^^^^^^^^^^^^^^^^^^^^^^^^^^^^^^^^^^^
  File "/Users/ilyachumachenkov/Documents/testanguliar/.venv/lib/python3.12/site-packages/aiogram/dispatcher/middlewares/error.py", line 29, in __call__
    response = await self.router.propagate_event(
               ^^^^^^^^^^^^^^^^^^^^^^^^^^^^^^^^^^
  File "/Users/ilyachumachenkov/Documents/testanguliar/.venv/lib/python3.12/site-packages/aiogram/dispatcher/router.py", line 146, in propagate_event
    return await observer.wrap_outer_middleware(_wrapped, event=event, data=kwargs)
           ^^^^^^^^^^^^^^^^^^^^^^^^^^^^^^^^^^^^^^^^^^^^^^^^^^^^^^^^^^^^^^^^^^^^^^^^
  File "/Users/ilyachumachenkov/Documents/testanguliar/.venv/lib/python3.12/site-packages/aiogram/dispatcher/router.py", line 141, in _wrapped
    return await self._propagate_event(
           ^^^^^^^^^^^^^^^^^^^^^^^^^^^^
  File "/Users/ilyachumachenkov/Documents/testanguliar/.venv/lib/python3.12/site-packages/aiogram/dispatcher/router.py", line 166, in _propagate_event
    response = await observer.trigger(event, **kwargs)
               ^^^^^^^^^^^^^^^^^^^^^^^^^^^^^^^^^^^^^^^
  File "/Users/ilyachumachenkov/Documents/testanguliar/.venv/lib/python3.12/site-packages/aiogram/dispatcher/event/telegram.py", line 121, in trigger
    return await wrapped_inner(event, kwargs)
           ^^^^^^^^^^^^^^^^^^^^^^^^^^^^^^^^^^
  File "/Users/ilyachumachenkov/Documents/testanguliar/.venv/lib/python3.12/site-packages/aiogram/dispatcher/event/handler.py", line 43, in call
    return await wrapped()
                 ^^^^^^^^^
TypeError: error_handler() missing 1 required positional argument: 'exception'
2025-11-30 15:16:27,592 - aiogram.dispatcher - WARNING - Received SIGINT signal
2025-11-30 15:16:27,598 - aiogram.dispatcher - INFO - Polling stopped for bot @karusel_chu_bot id=7978053850 - 'karusel_chu'
2025-11-30 15:16:27,599 - aiogram.dispatcher - INFO - Polling stopped
2025-11-30 15:16:38,305 - root - INFO - Database initialized successfully.
2025-11-30 15:16:38,305 - root - INFO - Bot started...
2025-11-30 15:16:38,305 - aiogram.dispatcher - INFO - Start polling
2025-11-30 15:16:38,642 - aiogram.dispatcher - INFO - Run polling for bot @karusel_chu_bot id=7978053850 - 'karusel_chu'
2025-11-30 15:16:47,641 - aiogram.event - INFO - Update id=476721976 is handled. Duration 304 ms by bot id=7978053850
2025-11-30 15:16:48,875 - aiogram.event - INFO - Update id=476721977 is handled. Duration 117 ms by bot id=7978053850
2025-11-30 15:16:57,804 - aiogram.event - INFO - Update id=476721978 is handled. Duration 217 ms by bot id=7978053850
2025-11-30 15:16:59,792 - aiogram.event - INFO - Update id=476721979 is handled. Duration 262 ms by bot id=7978053850
2025-11-30 15:17:08,059 - aiogram.event - INFO - Update id=476721980 is handled. Duration 6438 ms by bot id=7978053850
2025-11-30 15:17:24,351 - aiogram.event - INFO - Update id=476721981 is handled. Duration 227 ms by bot id=7978053850
2025-11-30 15:17:26,990 - aiogram.event - INFO - Update id=476721982 is handled. Duration 195 ms by bot id=7978053850
2025-11-30 15:17:33,061 - aiogram.event - INFO - Update id=476721983 is handled. Duration 633 ms by bot id=7978053850
2025-11-30 15:17:34,853 - aiogram.event - INFO - Update id=476721984 is handled. Duration 198 ms by bot id=7978053850
2025-11-30 15:17:36,527 - aiogram.event - INFO - Update id=476721985 is handled. Duration 125 ms by bot id=7978053850
2025-11-30 15:17:38,043 - aiogram.event - INFO - Update id=476721986 is handled. Duration 124 ms by bot id=7978053850
2025-11-30 15:17:39,867 - aiogram.event - INFO - Update id=476721987 is handled. Duration 272 ms by bot id=7978053850
2025-11-30 15:17:41,798 - root - ERROR - Update 476721988 caused error: name 'user_logo' is not defined
Traceback (most recent call last):
  File "/Users/ilyachumachenkov/Documents/testanguliar/.venv/lib/python3.12/site-packages/aiogram/dispatcher/middlewares/error.py", line 25, in __call__
    return await handler(event, data)
           ^^^^^^^^^^^^^^^^^^^^^^^^^^
  File "/Users/ilyachumachenkov/Documents/testanguliar/.venv/lib/python3.12/site-packages/aiogram/dispatcher/middlewares/user_context.py", line 56, in __call__
    return await handler(event, data)
           ^^^^^^^^^^^^^^^^^^^^^^^^^^
  File "/Users/ilyachumachenkov/Documents/testanguliar/.venv/lib/python3.12/site-packages/aiogram/fsm/middleware.py", line 42, in __call__
    return await handler(event, data)
           ^^^^^^^^^^^^^^^^^^^^^^^^^^
  File "/Users/ilyachumachenkov/Documents/testanguliar/.venv/lib/python3.12/site-packages/aiogram/dispatcher/event/telegram.py", line 121, in trigger
    return await wrapped_inner(event, kwargs)
           ^^^^^^^^^^^^^^^^^^^^^^^^^^^^^^^^^^
  File "/Users/ilyachumachenkov/Documents/testanguliar/.venv/lib/python3.12/site-packages/aiogram/dispatcher/event/handler.py", line 43, in call
    return await wrapped()
           ^^^^^^^^^^^^^^^
  File "/Users/ilyachumachenkov/Documents/testanguliar/.venv/lib/python3.12/site-packages/aiogram/dispatcher/dispatcher.py", line 276, in _listen_update
    return await self.propagate_event(update_type=update_type, event=event, **kwargs)
           ^^^^^^^^^^^^^^^^^^^^^^^^^^^^^^^^^^^^^^^^^^^^^^^^^^^^^^^^^^^^^^^^^^^^^^^^^^
  File "/Users/ilyachumachenkov/Documents/testanguliar/.venv/lib/python3.12/site-packages/aiogram/dispatcher/router.py", line 146, in propagate_event
    return await observer.wrap_outer_middleware(_wrapped, event=event, data=kwargs)
           ^^^^^^^^^^^^^^^^^^^^^^^^^^^^^^^^^^^^^^^^^^^^^^^^^^^^^^^^^^^^^^^^^^^^^^^^
  File "/Users/ilyachumachenkov/Documents/testanguliar/.venv/lib/python3.12/site-packages/aiogram/dispatcher/router.py", line 141, in _wrapped
    return await self._propagate_event(
           ^^^^^^^^^^^^^^^^^^^^^^^^^^^^
  File "/Users/ilyachumachenkov/Documents/testanguliar/.venv/lib/python3.12/site-packages/aiogram/dispatcher/router.py", line 174, in _propagate_event
    response = await router.propagate_event(update_type=update_type, event=event, **kwargs)
               ^^^^^^^^^^^^^^^^^^^^^^^^^^^^^^^^^^^^^^^^^^^^^^^^^^^^^^^^^^^^^^^^^^^^^^^^^^^^
  File "/Users/ilyachumachenkov/Documents/testanguliar/.venv/lib/python3.12/site-packages/aiogram/dispatcher/router.py", line 146, in propagate_event
    return await observer.wrap_outer_middleware(_wrapped, event=event, data=kwargs)
           ^^^^^^^^^^^^^^^^^^^^^^^^^^^^^^^^^^^^^^^^^^^^^^^^^^^^^^^^^^^^^^^^^^^^^^^^
  File "/Users/ilyachumachenkov/Documents/testanguliar/.venv/lib/python3.12/site-packages/aiogram/dispatcher/router.py", line 141, in _wrapped
    return await self._propagate_event(
           ^^^^^^^^^^^^^^^^^^^^^^^^^^^^
  File "/Users/ilyachumachenkov/Documents/testanguliar/.venv/lib/python3.12/site-packages/aiogram/dispatcher/router.py", line 166, in _propagate_event
    response = await observer.trigger(event, **kwargs)
               ^^^^^^^^^^^^^^^^^^^^^^^^^^^^^^^^^^^^^^^
  File "/Users/ilyachumachenkov/Documents/testanguliar/.venv/lib/python3.12/site-packages/aiogram/dispatcher/event/telegram.py", line 121, in trigger
    return await wrapped_inner(event, kwargs)
           ^^^^^^^^^^^^^^^^^^^^^^^^^^^^^^^^^^
  File "/Users/ilyachumachenkov/Documents/testanguliar/.venv/lib/python3.12/site-packages/aiogram/dispatcher/event/handler.py", line 43, in call
    return await wrapped()
           ^^^^^^^^^^^^^^^
  File "/Users/ilyachumachenkov/Documents/testanguliar/handlers/carousel_flow.py", line 651, in position_chosen
    await generate_carousel(callback.message, state)
  File "/Users/ilyachumachenkov/Documents/testanguliar/handlers/carousel_flow.py", line 717, in generate_carousel
    logo_text=user_logo
              ^^^^^^^^^
NameError: name 'user_logo' is not defined. Did you mean: 'get_user_logo'?
2025-11-30 15:17:42,035 - aiogram.event - INFO - Update id=476721988 is handled. Duration 558 ms by bot id=7978053850
2025-11-30 15:18:20,463 - aiogram.dispatcher - WARNING - Received SIGINT signal
2025-11-30 15:18:20,470 - aiogram.dispatcher - INFO - Polling stopped for bot @karusel_chu_bot id=7978053850 - 'karusel_chu'
2025-11-30 15:18:20,471 - aiogram.dispatcher - INFO - Polling stopped
2025-11-30 15:18:31,378 - root - INFO - Database initialized successfully.
2025-11-30 15:18:31,379 - root - INFO - Bot started...
2025-11-30 15:18:31,379 - aiogram.dispatcher - INFO - Start polling
2025-11-30 15:18:31,770 - aiogram.dispatcher - INFO - Run polling for bot @karusel_chu_bot id=7978053850 - 'karusel_chu'
2025-11-30 15:19:26,315 - aiogram.event - INFO - Update id=476721989 is handled. Duration 342 ms by bot id=7978053850
2025-11-30 15:19:27,545 - aiogram.event - INFO - Update id=476721990 is handled. Duration 127 ms by bot id=7978053850
2025-11-30 15:19:45,542 - aiogram.event - INFO - Update id=476721991 is handled. Duration 270 ms by bot id=7978053850
2025-11-30 15:19:47,883 - aiogram.event - INFO - Update id=476721992 is handled. Duration 205 ms by bot id=7978053850
2025-11-30 15:20:17,175 - aiogram.event - INFO - Update id=476721993 is handled. Duration 27395 ms by bot id=7978053850
2025-11-30 15:20:37,435 - aiogram.event - INFO - Update id=476721994 is handled. Duration 222 ms by bot id=7978053850
2025-11-30 15:20:39,863 - aiogram.event - INFO - Update id=476721995 is handled. Duration 373 ms by bot id=7978053850
2025-11-30 15:20:46,788 - aiogram.event - INFO - Update id=476721996 is handled. Duration 521 ms by bot id=7978053850
2025-11-30 15:20:48,856 - aiogram.event - INFO - Update id=476721997 is handled. Duration 221 ms by bot id=7978053850
2025-11-30 15:20:49,925 - aiogram.event - INFO - Update id=476721998 is handled. Duration 142 ms by bot id=7978053850
2025-11-30 15:20:51,493 - aiogram.event - INFO - Update id=476721999 is handled. Duration 174 ms by bot id=7978053850
2025-11-30 15:20:53,503 - aiogram.event - INFO - Update id=476722000 is handled. Duration 247 ms by bot id=7978053850
2025-11-30 15:20:55,338 - root - INFO - Attempting to load font from: assets/fonts/font.ttf
2025-11-30 15:20:55,345 - root - INFO - Custom font 'standard' loaded successfully.
2025-11-30 15:20:55,351 - root - INFO - Text Position requested: center
2025-11-30 15:20:55,351 - root - INFO - Total text height: 252
2025-11-30 15:20:55,351 - root - INFO - Calculated start_y: 549
2025-11-30 15:20:55,601 - root - INFO - Attempting to load font from: assets/fonts/font.ttf
2025-11-30 15:20:55,601 - root - INFO - Custom font 'standard' loaded successfully.
2025-11-30 15:20:55,606 - root - INFO - Text Position requested: center
2025-11-30 15:20:55,606 - root - INFO - Total text height: 326
2025-11-30 15:20:55,606 - root - INFO - Calculated start_y: 512
2025-11-30 15:20:55,904 - root - INFO - Attempting to load font from: assets/fonts/font.ttf
2025-11-30 15:20:55,904 - root - INFO - Custom font 'standard' loaded successfully.
2025-11-30 15:20:55,910 - root - INFO - Text Position requested: center
2025-11-30 15:20:55,910 - root - INFO - Total text height: 295
2025-11-30 15:20:55,910 - root - INFO - Calculated start_y: 527
2025-11-30 15:20:56,208 - root - INFO - Attempting to load font from: assets/fonts/font.ttf
2025-11-30 15:20:56,208 - root - INFO - Custom font 'standard' loaded successfully.
2025-11-30 15:20:56,213 - root - INFO - Text Position requested: center
2025-11-30 15:20:56,213 - root - INFO - Total text height: 298
2025-11-30 15:20:56,213 - root - INFO - Calculated start_y: 526
2025-11-30 15:20:57,964 - aiogram.event - INFO - Update id=476722001 is handled. Duration 3119 ms by bot id=7978053850
2025-11-30 15:22:25,854 - aiogram.dispatcher - WARNING - Received SIGINT signal
2025-11-30 15:22:25,858 - aiogram.dispatcher - INFO - Polling stopped for bot @karusel_chu_bot id=7978053850 - 'karusel_chu'
2025-11-30 15:22:25,858 - aiogram.dispatcher - INFO - Polling stopped
2025-11-30 15:22:50,129 - root - INFO - Database initialized successfully.
2025-11-30 15:22:50,129 - root - INFO - Bot started...
2025-11-30 15:22:50,129 - aiogram.dispatcher - INFO - Start polling
2025-11-30 15:22:50,491 - aiogram.dispatcher - INFO - Run polling for bot @karusel_chu_bot id=7978053850 - 'karusel_chu'
2025-11-30 15:22:57,651 - aiogram.event - INFO - Update id=476722002 is handled. Duration 289 ms by bot id=7978053850
2025-11-30 15:23:05,763 - aiogram.event - INFO - Update id=476722003 is handled. Duration 233 ms by bot id=7978053850
2025-11-30 15:23:08,323 - aiogram.event - INFO - Update id=476722004 is handled. Duration 436 ms by bot id=7978053850
2025-11-30 15:23:42,947 - aiogram.event - INFO - Update id=476722005 is handled. Duration 32738 ms by bot id=7978053850
2025-11-30 15:23:53,185 - aiogram.event - INFO - Update id=476722006 is handled. Duration 212 ms by bot id=7978053850
2025-11-30 15:23:55,164 - aiogram.event - INFO - Update id=476722007 is handled. Duration 245 ms by bot id=7978053850
2025-11-30 15:24:01,608 - aiogram.event - INFO - Update id=476722008 is handled. Duration 647 ms by bot id=7978053850
2025-11-30 15:24:03,686 - aiogram.event - INFO - Update id=476722009 is handled. Duration 239 ms by bot id=7978053850
2025-11-30 15:24:05,642 - aiogram.event - INFO - Update id=476722010 is handled. Duration 121 ms by bot id=7978053850
2025-11-30 15:24:07,327 - aiogram.event - INFO - Update id=476722011 is handled. Duration 144 ms by bot id=7978053850
2025-11-30 15:24:09,465 - root - INFO - Attempting to load font from: assets/fonts/font.ttf
2025-11-30 15:24:09,472 - root - INFO - Custom font 'standard' loaded successfully.
2025-11-30 15:24:09,478 - root - INFO - Text Position requested: bottom
2025-11-30 15:24:09,478 - root - INFO - Total text height: 307
2025-11-30 15:24:09,478 - root - INFO - Calculated start_y: 843
2025-11-30 15:24:09,750 - root - INFO - Attempting to load font from: assets/fonts/font.ttf
2025-11-30 15:24:09,751 - root - INFO - Custom font 'standard' loaded successfully.
2025-11-30 15:24:09,755 - root - INFO - Text Position requested: bottom
2025-11-30 15:24:09,755 - root - INFO - Total text height: 249
2025-11-30 15:24:09,755 - root - INFO - Calculated start_y: 901
2025-11-30 15:24:09,986 - root - INFO - Attempting to load font from: assets/fonts/font.ttf
2025-11-30 15:24:09,986 - root - INFO - Custom font 'standard' loaded successfully.
2025-11-30 15:24:09,992 - root - INFO - Text Position requested: bottom
2025-11-30 15:24:09,992 - root - INFO - Total text height: 303
2025-11-30 15:24:09,992 - root - INFO - Calculated start_y: 847
2025-11-30 15:24:10,214 - root - INFO - Attempting to load font from: assets/fonts/font.ttf
2025-11-30 15:24:10,214 - root - INFO - Custom font 'standard' loaded successfully.
2025-11-30 15:24:10,218 - root - INFO - Text Position requested: bottom
2025-11-30 15:24:10,218 - root - INFO - Total text height: 222
2025-11-30 15:24:10,218 - root - INFO - Calculated start_y: 928
2025-11-30 15:24:11,691 - aiogram.event - INFO - Update id=476722012 is handled. Duration 2730 ms by bot id=7978053850
2025-11-30 15:26:24,155 - aiogram.dispatcher - WARNING - Received SIGINT signal
2025-11-30 15:26:24,161 - aiogram.dispatcher - INFO - Polling stopped for bot @karusel_chu_bot id=7978053850 - 'karusel_chu'
2025-11-30 15:26:24,162 - aiogram.dispatcher - INFO - Polling stopped
2025-11-30 15:26:36,463 - root - INFO - Database initialized successfully.
2025-11-30 15:26:36,463 - root - INFO - Bot started...
2025-11-30 15:26:36,464 - aiogram.dispatcher - INFO - Start polling
2025-11-30 15:26:36,851 - aiogram.dispatcher - INFO - Run polling for bot @karusel_chu_bot id=7978053850 - 'karusel_chu'
2025-11-30 15:26:45,382 - aiogram.event - INFO - Update id=476722013 is handled. Duration 272 ms by bot id=7978053850
2025-11-30 15:26:49,957 - aiogram.event - INFO - Update id=476722014 is handled. Duration 150 ms by bot id=7978053850
2025-11-30 15:26:53,607 - aiogram.event - INFO - Update id=476722015 is handled. Duration 436 ms by bot id=7978053850
2025-11-30 15:27:09,950 - aiogram.event - INFO - Update id=476722016 is handled. Duration 6588 ms by bot id=7978053850
2025-11-30 15:27:12,551 - aiogram.event - INFO - Update id=476722017 is handled. Duration 243 ms by bot id=7978053850
2025-11-30 15:27:15,176 - aiogram.event - INFO - Update id=476722018 is handled. Duration 192 ms by bot id=7978053850
2025-11-30 15:27:17,140 - aiogram.event - INFO - Update id=476722019 is handled. Duration 509 ms by bot id=7978053850
2025-11-30 15:27:18,781 - aiogram.event - INFO - Update id=476722020 is handled. Duration 189 ms by bot id=7978053850
2025-11-30 15:27:20,583 - aiogram.event - INFO - Update id=476722021 is handled. Duration 185 ms by bot id=7978053850
2025-11-30 15:27:22,758 - aiogram.event - INFO - Update id=476722022 is handled. Duration 103 ms by bot id=7978053850
2025-11-30 15:27:24,651 - aiogram.event - INFO - Update id=476722023 is handled. Duration 236 ms by bot id=7978053850
2025-11-30 15:27:31,267 - aiogram.event - INFO - Update id=476722024 is handled. Duration 507 ms by bot id=7978053850
2025-11-30 15:27:33,201 - root - INFO - Attempting to load font from: assets/fonts/font.ttf
2025-11-30 15:27:33,207 - root - INFO - Custom font 'standard' loaded successfully.
2025-11-30 15:27:33,216 - root - INFO - Text Position requested: center
2025-11-30 15:27:33,216 - root - INFO - Total text height: 368
2025-11-30 15:27:33,216 - root - INFO - Calculated start_y: 491
2025-11-30 15:27:33,469 - root - INFO - Attempting to load font from: assets/fonts/font.ttf
2025-11-30 15:27:33,469 - root - INFO - Custom font 'standard' loaded successfully.
2025-11-30 15:27:33,474 - root - INFO - Text Position requested: center
2025-11-30 15:27:33,474 - root - INFO - Total text height: 295
2025-11-30 15:27:33,474 - root - INFO - Calculated start_y: 527
2025-11-30 15:27:33,726 - root - INFO - Attempting to load font from: assets/fonts/font.ttf
2025-11-30 15:27:33,726 - root - INFO - Custom font 'standard' loaded successfully.
2025-11-30 15:27:33,730 - root - INFO - Text Position requested: center
2025-11-30 15:27:33,730 - root - INFO - Total text height: 240
2025-11-30 15:27:33,730 - root - INFO - Calculated start_y: 555
2025-11-30 15:27:35,146 - aiogram.event - INFO - Update id=476722025 is handled. Duration 2341 ms by bot id=7978053850
2025-11-30 15:30:01,552 - aiogram.dispatcher - WARNING - Received SIGINT signal
2025-11-30 15:30:01,558 - aiogram.dispatcher - INFO - Polling stopped for bot @karusel_chu_bot id=7978053850 - 'karusel_chu'
2025-11-30 15:30:01,558 - aiogram.dispatcher - INFO - Polling stopped
2025-11-30 15:30:15,704 - root - INFO - Database initialized successfully.
2025-11-30 15:30:15,705 - root - INFO - Bot started...
2025-11-30 15:30:15,705 - aiogram.dispatcher - INFO - Start polling
2025-11-30 15:30:16,096 - aiogram.dispatcher - INFO - Run polling for bot @karusel_chu_bot id=7978053850 - 'karusel_chu'
2025-11-30 15:30:21,792 - aiogram.event - INFO - Update id=476722026 is handled. Duration 289 ms by bot id=7978053850
2025-11-30 15:30:30,996 - aiogram.event - INFO - Update id=476722027 is handled. Duration 126 ms by bot id=7978053850
2025-11-30 15:30:32,951 - aiogram.event - INFO - Update id=476722028 is handled. Duration 203 ms by bot id=7978053850
2025-11-30 15:31:12,071 - aiogram.event - INFO - Update id=476722029 is handled. Duration 36992 ms by bot id=7978053850
2025-11-30 15:31:21,899 - aiogram.event - INFO - Update id=476722030 is handled. Duration 264 ms by bot id=7978053850
2025-11-30 15:31:25,017 - aiogram.event - INFO - Update id=476722031 is handled. Duration 308 ms by bot id=7978053850
2025-11-30 15:31:26,190 - aiogram.event - INFO - Update id=476722032 is handled. Duration 121 ms by bot id=7978053850
2025-11-30 15:31:27,919 - aiogram.event - INFO - Update id=476722033 is handled. Duration 120 ms by bot id=7978053850
2025-11-30 15:31:29,718 - aiogram.event - INFO - Update id=476722034 is handled. Duration 200 ms by bot id=7978053850
2025-11-30 15:31:35,232 - aiogram.event - INFO - Update id=476722035 is handled. Duration 720 ms by bot id=7978053850
2025-11-30 15:31:37,357 - root - INFO - Generating carousel. Slides: 4, BG: preset, Cover: True, CoverBytes: 111364
2025-11-30 15:31:37,531 - root - INFO - Using custom cover for slide 1
2025-11-30 15:31:37,609 - root - INFO - Attempting to load font from: assets/fonts/font.ttf
2025-11-30 15:31:37,616 - root - INFO - Custom font 'standard' loaded successfully.
2025-11-30 15:31:37,624 - root - INFO - Text Position requested: bottom
2025-11-30 15:31:37,624 - root - INFO - Total text height: 368
2025-11-30 15:31:37,624 - root - INFO - Calculated start_y: 782
2025-11-30 15:31:37,941 - root - INFO - Attempting to load font from: assets/fonts/font.ttf
2025-11-30 15:31:37,942 - root - INFO - Custom font 'standard' loaded successfully.
2025-11-30 15:31:37,947 - root - INFO - Text Position requested: bottom
2025-11-30 15:31:37,947 - root - INFO - Total text height: 295
2025-11-30 15:31:37,947 - root - INFO - Calculated start_y: 855
2025-11-30 15:31:38,242 - root - INFO - Attempting to load font from: assets/fonts/font.ttf
2025-11-30 15:31:38,242 - root - INFO - Custom font 'standard' loaded successfully.
2025-11-30 15:31:38,244 - root - INFO - Text Position requested: bottom
2025-11-30 15:31:38,244 - root - INFO - Total text height: 175
2025-11-30 15:31:38,244 - root - INFO - Calculated start_y: 975
2025-11-30 15:31:38,484 - root - INFO - Attempting to load font from: assets/fonts/font.ttf
2025-11-30 15:31:38,484 - root - INFO - Custom font 'standard' loaded successfully.
2025-11-30 15:31:38,486 - root - INFO - Text Position requested: bottom
2025-11-30 15:31:38,486 - root - INFO - Total text height: 164
2025-11-30 15:31:38,486 - root - INFO - Calculated start_y: 986
2025-11-30 15:31:40,712 - aiogram.event - INFO - Update id=476722036 is handled. Duration 3668 ms by bot id=7978053850
2025-11-30 15:31:58,788 - aiogram.event - INFO - Update id=476722037 is handled. Duration 139 ms by bot id=7978053850
2025-11-30 15:32:02,153 - aiogram.event - INFO - Update id=476722038 is handled. Duration 254 ms by bot id=7978053850
2025-11-30 15:32:08,993 - aiogram.event - INFO - Update id=476722039 is handled. Duration 208 ms by bot id=7978053850
2025-11-30 15:32:13,555 - aiogram.event - INFO - Update id=476722040 is handled. Duration 125 ms by bot id=7978053850
2025-11-30 15:32:16,188 - aiogram.event - INFO - Update id=476722041 is handled. Duration 157 ms by bot id=7978053850
2025-11-30 15:32:18,741 - aiogram.event - INFO - Update id=476722042 is handled. Duration 342 ms by bot id=7978053850
2025-11-30 15:32:31,518 - aiogram.event - INFO - Update id=476722043 is handled. Duration 10701 ms by bot id=7978053850
2025-11-30 15:32:36,225 - aiogram.event - INFO - Update id=476722044 is handled. Duration 249 ms by bot id=7978053850
2025-11-30 15:32:39,310 - aiogram.event - INFO - Update id=476722045 is handled. Duration 237 ms by bot id=7978053850
2025-11-30 15:32:43,198 - aiogram.event - INFO - Update id=476722046 is handled. Duration 160 ms by bot id=7978053850
2025-11-30 15:32:44,780 - aiogram.event - INFO - Update id=476722047 is handled. Duration 101 ms by bot id=7978053850
2025-11-30 15:32:46,526 - aiogram.event - INFO - Update id=476722048 is handled. Duration 228 ms by bot id=7978053850
2025-11-30 15:32:52,114 - aiogram.event - INFO - Update id=476722049 is handled. Duration 650 ms by bot id=7978053850
2025-11-30 15:32:55,588 - root - INFO - Generating carousel. Slides: 3, BG: preset, Cover: True, CoverBytes: 111364
2025-11-30 15:32:55,722 - root - INFO - Using custom cover for slide 1
2025-11-30 15:32:55,777 - root - INFO - Attempting to load font from: assets/fonts/font.ttf
2025-11-30 15:32:55,780 - root - INFO - Custom font 'standard' loaded successfully.
2025-11-30 15:32:55,789 - root - INFO - Text Position requested: bottom
2025-11-30 15:32:55,789 - root - INFO - Total text height: 368
2025-11-30 15:32:55,789 - root - INFO - Calculated start_y: 782
2025-11-30 15:32:56,045 - root - INFO - Attempting to load font from: assets/fonts/font.ttf
2025-11-30 15:32:56,046 - root - INFO - Custom font 'standard' loaded successfully.
2025-11-30 15:32:56,051 - root - INFO - Text Position requested: bottom
2025-11-30 15:32:56,051 - root - INFO - Total text height: 304
2025-11-30 15:32:56,051 - root - INFO - Calculated start_y: 846
2025-11-30 15:32:56,325 - root - INFO - Attempting to load font from: assets/fonts/font.ttf
2025-11-30 15:32:56,325 - root - INFO - Custom font 'standard' loaded successfully.
2025-11-30 15:32:56,329 - root - INFO - Text Position requested: bottom
2025-11-30 15:32:56,329 - root - INFO - Total text height: 222
2025-11-30 15:32:56,329 - root - INFO - Calculated start_y: 928
2025-11-30 15:32:58,207 - aiogram.event - INFO - Update id=476722050 is handled. Duration 2934 ms by bot id=7978053850
2025-11-30 15:33:18,255 - aiogram.event - INFO - Update id=476722051 is handled. Duration 123 ms by bot id=7978053850
2025-11-30 15:34:54,766 - aiogram.dispatcher - WARNING - Received SIGINT signal
2025-11-30 15:34:54,771 - aiogram.dispatcher - INFO - Polling stopped for bot @karusel_chu_bot id=7978053850 - 'karusel_chu'
2025-11-30 15:34:54,772 - aiogram.dispatcher - INFO - Polling stopped
2025-11-30 15:35:06,682 - root - INFO - Database initialized successfully.
2025-11-30 15:35:06,682 - root - INFO - Bot started...
2025-11-30 15:35:06,683 - aiogram.dispatcher - INFO - Start polling
2025-11-30 15:35:07,045 - aiogram.dispatcher - INFO - Run polling for bot @karusel_chu_bot id=7978053850 - 'karusel_chu'
2025-11-30 15:35:10,919 - aiogram.event - INFO - Update id=476722052 is handled. Duration 328 ms by bot id=7978053850
2025-11-30 15:35:12,332 - root - INFO - Retrieved logo for user 252202: Аня Сахарова
2025-11-30 15:35:12,680 - aiogram.event - INFO - Update id=476722053 is handled. Duration 349 ms by bot id=7978053850
2025-11-30 15:35:23,992 - aiogram.event - INFO - Update id=476722054 is handled. Duration 8247 ms by bot id=7978053850
2025-11-30 15:35:51,794 - root - INFO - Retrieved logo for user 252202: Аня Сахарова
2025-11-30 15:35:51,931 - aiogram.event - INFO - Update id=476722055 is handled. Duration 140 ms by bot id=7978053850
2025-11-30 15:35:53,645 - aiogram.event - INFO - Update id=476722056 is handled. Duration 274 ms by bot id=7978053850
2025-11-30 15:35:57,053 - root - INFO - Logo updated for user 252202: ТЕСТ
2025-11-30 15:35:57,167 - aiogram.event - INFO - Update id=476722057 is handled. Duration 118 ms by bot id=7978053850
2025-11-30 15:36:11,984 - aiogram.event - INFO - Update id=476722058 is handled. Duration 120 ms by bot id=7978053850
2025-11-30 15:36:18,252 - aiogram.event - INFO - Update id=476722059 is handled. Duration 138 ms by bot id=7978053850
2025-11-30 15:36:19,986 - aiogram.event - INFO - Update id=476722060 is handled. Duration 251 ms by bot id=7978053850
2025-11-30 15:36:31,721 - aiogram.event - INFO - Update id=476722061 is handled. Duration 10007 ms by bot id=7978053850
2025-11-30 15:36:40,231 - aiogram.event - INFO - Update id=476722062 is handled. Duration 261 ms by bot id=7978053850
2025-11-30 15:36:43,916 - aiogram.event - INFO - Update id=476722063 is handled. Duration 255 ms by bot id=7978053850
2025-11-30 15:36:45,111 - aiogram.event - INFO - Update id=476722064 is handled. Duration 208 ms by bot id=7978053850
2025-11-30 15:36:47,066 - aiogram.event - INFO - Update id=476722065 is handled. Duration 141 ms by bot id=7978053850
2025-11-30 15:36:49,366 - aiogram.event - INFO - Update id=476722066 is handled. Duration 231 ms by bot id=7978053850
2025-11-30 15:36:55,206 - aiogram.event - INFO - Update id=476722067 is handled. Duration 967 ms by bot id=7978053850
2025-11-30 15:36:57,098 - root - INFO - Retrieved logo for user 7978053850: chu ai
2025-11-30 15:36:57,098 - root - INFO - Generating carousel. Slides: 3, BG: preset, Cover: True, CoverBytes: 111364
2025-11-30 15:36:57,216 - root - INFO - Using custom cover for slide 1
2025-11-30 15:36:57,293 - root - INFO - Attempting to load font from: assets/fonts/font.ttf
2025-11-30 15:36:57,297 - root - INFO - Custom font 'standard' loaded successfully.
2025-11-30 15:36:57,305 - root - INFO - Text Position requested: center
2025-11-30 15:36:57,305 - root - INFO - Total text height: 365
2025-11-30 15:36:57,305 - root - INFO - Calculated start_y: 492
2025-11-30 15:36:57,549 - root - INFO - Attempting to load font from: assets/fonts/font.ttf
2025-11-30 15:36:57,549 - root - INFO - Custom font 'standard' loaded successfully.
2025-11-30 15:36:57,553 - root - INFO - Text Position requested: center
2025-11-30 15:36:57,553 - root - INFO - Total text height: 228
2025-11-30 15:36:57,553 - root - INFO - Calculated start_y: 561
2025-11-30 15:36:57,794 - root - INFO - Attempting to load font from: assets/fonts/font.ttf
2025-11-30 15:36:57,794 - root - INFO - Custom font 'standard' loaded successfully.
2025-11-30 15:36:57,796 - root - INFO - Text Position requested: center
2025-11-30 15:36:57,796 - root - INFO - Total text height: 164
2025-11-30 15:36:57,796 - root - INFO - Calculated start_y: 593
2025-11-30 15:36:59,509 - aiogram.event - INFO - Update id=476722068 is handled. Duration 2644 ms by bot id=7978053850
2025-11-30 15:39:15,682 - aiogram.dispatcher - WARNING - Received SIGINT signal
2025-11-30 15:39:15,706 - aiogram.dispatcher - INFO - Polling stopped for bot @karusel_chu_bot id=7978053850 - 'karusel_chu'
2025-11-30 15:39:15,707 - aiogram.dispatcher - INFO - Polling stopped
2025-11-30 15:39:28,111 - root - INFO - Database initialized successfully.
2025-11-30 15:39:28,111 - root - INFO - Bot started...
2025-11-30 15:39:28,112 - aiogram.dispatcher - INFO - Start polling
2025-11-30 15:39:28,482 - aiogram.dispatcher - INFO - Run polling for bot @karusel_chu_bot id=7978053850 - 'karusel_chu'
2025-11-30 15:39:34,855 - aiogram.event - INFO - Update id=476722069 is handled. Duration 302 ms by bot id=7978053850
2025-11-30 15:39:42,967 - aiogram.event - INFO - Update id=476722070 is handled. Duration 129 ms by bot id=7978053850
2025-11-30 15:39:45,253 - aiogram.event - INFO - Update id=476722071 is handled. Duration 441 ms by bot id=7978053850
2025-11-30 15:40:18,041 - aiogram.event - INFO - Update id=476722072 is handled. Duration 31157 ms by bot id=7978053850
2025-11-30 15:40:19,814 - aiogram.event - INFO - Update id=476722073 is handled. Duration 264 ms by bot id=7978053850
2025-11-30 15:40:21,801 - aiogram.event - INFO - Update id=476722074 is handled. Duration 193 ms by bot id=7978053850
2025-11-30 15:40:22,956 - aiogram.event - INFO - Update id=476722075 is handled. Duration 136 ms by bot id=7978053850
2025-11-30 15:40:24,385 - aiogram.event - INFO - Update id=476722076 is handled. Duration 111 ms by bot id=7978053850
2025-11-30 15:40:25,751 - aiogram.event - INFO - Update id=476722077 is handled. Duration 234 ms by bot id=7978053850
2025-11-30 15:40:32,385 - aiogram.event - INFO - Update id=476722078 is handled. Duration 580 ms by bot id=7978053850
2025-11-30 15:40:34,307 - root - INFO - Retrieved logo for user 252202: ТЕСТ
2025-11-30 15:40:34,307 - root - INFO - Generating carousel. Slides: 3, BG: preset, Cover: True, CoverBytes: 111364
2025-11-30 15:40:34,435 - root - INFO - Using custom cover for slide 1
2025-11-30 15:40:34,507 - root - INFO - Attempting to load font from: assets/fonts/font.ttf
2025-11-30 15:40:34,513 - root - INFO - Custom font 'standard' loaded successfully.
2025-11-30 15:40:34,516 - root - INFO - Text Position requested: bottom
2025-11-30 15:40:34,516 - root - INFO - Total text height: 187
2025-11-30 15:40:34,516 - root - INFO - Calculated start_y: 963
2025-11-30 15:40:34,797 - root - INFO - Attempting to load font from: assets/fonts/font.ttf
2025-11-30 15:40:34,797 - root - INFO - Custom font 'standard' loaded successfully.
2025-11-30 15:40:34,800 - root - INFO - Text Position requested: bottom
2025-11-30 15:40:34,800 - root - INFO - Total text height: 174
2025-11-30 15:40:34,800 - root - INFO - Calculated start_y: 976
2025-11-30 15:40:35,043 - root - INFO - Attempting to load font from: assets/fonts/font.ttf
2025-11-30 15:40:35,043 - root - INFO - Custom font 'standard' loaded successfully.
2025-11-30 15:40:35,047 - root - INFO - Text Position requested: bottom
2025-11-30 15:40:35,047 - root - INFO - Total text height: 232
2025-11-30 15:40:35,047 - root - INFO - Calculated start_y: 918
2025-11-30 15:40:36,869 - aiogram.event - INFO - Update id=476722079 is handled. Duration 2801 ms by bot id=7978053850
2025-11-30 15:40:54,685 - root - INFO - Retrieved logo for user 252202: ТЕСТ
2025-11-30 15:40:54,841 - aiogram.event - INFO - Update id=476722080 is handled. Duration 163 ms by bot id=7978053850
2025-11-30 15:40:56,975 - aiogram.event - INFO - Update id=476722081 is handled. Duration 270 ms by bot id=7978053850
2025-11-30 15:41:13,771 - root - INFO - Logo updated for user 252202: Web3 Academy
2025-11-30 15:41:13,895 - aiogram.event - INFO - Update id=476722082 is handled. Duration 128 ms by bot id=7978053850
2025-11-30 15:41:17,264 - aiogram.event - INFO - Update id=476722083 is handled. Duration 168 ms by bot id=7978053850
2025-11-30 15:41:23,954 - aiogram.event - INFO - Update id=476722084 is handled. Duration 226 ms by bot id=7978053850
2025-11-30 15:41:25,868 - aiogram.event - INFO - Update id=476722085 is handled. Duration 222 ms by bot id=7978053850
2025-11-30 15:41:37,721 - aiogram.event - INFO - Update id=476722086 is handled. Duration 10141 ms by bot id=7978053850
2025-11-30 15:41:49,002 - aiogram.event - INFO - Update id=476722087 is handled. Duration 265 ms by bot id=7978053850
2025-11-30 15:41:52,381 - aiogram.event - INFO - Update id=476722088 is handled. Duration 363 ms by bot id=7978053850
2025-11-30 15:41:53,946 - aiogram.event - INFO - Update id=476722089 is handled. Duration 142 ms by bot id=7978053850
2025-11-30 15:41:55,705 - aiogram.event - INFO - Update id=476722090 is handled. Duration 114 ms by bot id=7978053850
2025-11-30 15:41:57,342 - aiogram.event - INFO - Update id=476722091 is handled. Duration 316 ms by bot id=7978053850
2025-11-30 15:42:03,584 - aiogram.event - INFO - Update id=476722092 is handled. Duration 559 ms by bot id=7978053850
2025-11-30 15:42:05,977 - root - INFO - Retrieved logo for user 252202: Web3 Academy
2025-11-30 15:42:05,978 - root - INFO - Generating carousel. Slides: 2, BG: preset, Cover: True, CoverBytes: 111364
2025-11-30 15:42:06,099 - root - INFO - Using custom cover for slide 1
2025-11-30 15:42:06,157 - root - INFO - Attempting to load font from: assets/fonts/font.ttf
2025-11-30 15:42:06,164 - root - INFO - Custom font 'standard' loaded successfully.
2025-11-30 15:42:06,169 - root - INFO - Text Position requested: bottom
2025-11-30 15:42:06,169 - root - INFO - Total text height: 249
2025-11-30 15:42:06,169 - root - INFO - Calculated start_y: 901
2025-11-30 15:42:06,515 - root - INFO - Attempting to load font from: assets/fonts/font.ttf
2025-11-30 15:42:06,516 - root - INFO - Custom font 'standard' loaded successfully.
2025-11-30 15:42:06,521 - root - INFO - Text Position requested: bottom
2025-11-30 15:42:06,521 - root - INFO - Total text height: 247
2025-11-30 15:42:06,521 - root - INFO - Calculated start_y: 903
2025-11-30 15:42:08,051 - aiogram.event - INFO - Update id=476722093 is handled. Duration 2411 ms by bot id=7978053850
2025-11-30 15:46:33,472 - aiogram.dispatcher - WARNING - Received SIGINT signal
2025-11-30 15:46:33,484 - aiogram.dispatcher - INFO - Polling stopped for bot @karusel_chu_bot id=7978053850 - 'karusel_chu'
2025-11-30 15:46:33,485 - aiogram.dispatcher - INFO - Polling stopped
2025-11-30 15:46:44,945 - root - INFO - Database initialized successfully.
2025-11-30 15:46:44,946 - root - INFO - Bot started...
2025-11-30 15:46:44,946 - aiogram.dispatcher - INFO - Start polling
2025-11-30 15:46:45,303 - aiogram.dispatcher - INFO - Run polling for bot @karusel_chu_bot id=7978053850 - 'karusel_chu'
2025-11-30 15:46:55,573 - aiogram.event - INFO - Update id=476722094 is handled. Duration 423 ms by bot id=7978053850
2025-11-30 15:46:58,555 - aiogram.event - INFO - Update id=476722095 is handled. Duration 117 ms by bot id=7978053850
2025-11-30 15:47:08,023 - aiogram.event - INFO - Update id=476722096 is handled. Duration 128 ms by bot id=7978053850
2025-11-30 15:47:10,082 - aiogram.event - INFO - Update id=476722097 is handled. Duration 228 ms by bot id=7978053850
2025-11-30 15:47:23,186 - aiogram.event - INFO - Update id=476722098 is handled. Duration 11587 ms by bot id=7978053850
2025-11-30 15:48:03,727 - aiogram.event - INFO - Update id=476722099 is handled. Duration 236 ms by bot id=7978053850
2025-11-30 15:48:06,066 - aiogram.event - INFO - Update id=476722100 is handled. Duration 266 ms by bot id=7978053850
2025-11-30 15:48:07,520 - aiogram.event - INFO - Update id=476722101 is handled. Duration 117 ms by bot id=7978053850
2025-11-30 15:48:09,824 - aiogram.event - INFO - Update id=476722102 is handled. Duration 122 ms by bot id=7978053850
2025-11-30 15:48:11,770 - aiogram.event - INFO - Update id=476722103 is handled. Duration 267 ms by bot id=7978053850
2025-11-30 15:48:13,649 - root - INFO - Retrieved logo for user 252202: Web3 Academy
2025-11-30 15:48:13,649 - root - INFO - Generating carousel. Slides: 2, BG: preset, Cover: False, CoverBytes: 0
2025-11-30 15:48:13,855 - root - INFO - Attempting to load font from: assets/fonts/rough.ttf
2025-11-30 15:48:13,856 - root - WARNING - Font assets/fonts/rough.ttf not found, using standard.
2025-11-30 15:48:13,869 - root - INFO - Text Position requested: center
2025-11-30 15:48:13,869 - root - INFO - Total text height: 174
2025-11-30 15:48:13,869 - root - INFO - Calculated start_y: 588
2025-11-30 15:48:14,129 - root - INFO - Attempting to load font from: assets/fonts/rough.ttf
2025-11-30 15:48:14,129 - root - WARNING - Font assets/fonts/rough.ttf not found, using standard.
2025-11-30 15:48:14,134 - root - INFO - Text Position requested: center
2025-11-30 15:48:14,134 - root - INFO - Total text height: 307
2025-11-30 15:48:14,134 - root - INFO - Calculated start_y: 521
2025-11-30 15:48:15,872 - aiogram.event - INFO - Update id=476722104 is handled. Duration 2473 ms by bot id=7978053850
2025-11-30 15:53:37,028 - aiogram.event - INFO - Update id=476722105 is handled. Duration 114 ms by bot id=7978053850
2025-11-30 15:53:39,054 - aiogram.event - INFO - Update id=476722106 is handled. Duration 129 ms by bot id=7978053850
2025-11-30 15:53:40,769 - aiogram.event - INFO - Update id=476722107 is handled. Duration 115 ms by bot id=7978053850
2025-11-30 15:53:43,466 - root - INFO - Retrieved logo for user 252202: Web3 Academy
2025-11-30 15:53:43,591 - aiogram.event - INFO - Update id=476722108 is handled. Duration 159 ms by bot id=7978053850
2025-11-30 15:57:41,957 - aiogram.dispatcher - WARNING - Received SIGINT signal
2025-11-30 15:57:41,965 - aiogram.dispatcher - INFO - Polling stopped for bot @karusel_chu_bot id=7978053850 - 'karusel_chu'
2025-11-30 15:57:41,966 - aiogram.dispatcher - INFO - Polling stopped
2025-11-30 15:57:51,087 - root - INFO - Database initialized successfully.
2025-11-30 15:57:51,087 - root - INFO - Bot started...
2025-11-30 15:57:51,087 - aiogram.dispatcher - INFO - Start polling
2025-11-30 15:57:51,468 - aiogram.dispatcher - INFO - Run polling for bot @karusel_chu_bot id=7978053850 - 'karusel_chu'
2025-11-30 15:58:02,798 - aiogram.event - INFO - Update id=476722109 is handled. Duration 292 ms by bot id=7978053850
2025-11-30 15:58:04,518 - aiogram.event - INFO - Update id=476722110 is handled. Duration 190 ms by bot id=7978053850
2025-11-30 15:58:14,725 - aiogram.event - INFO - Update id=476722111 is handled. Duration 191 ms by bot id=7978053850
2025-11-30 15:58:17,291 - aiogram.event - INFO - Update id=476722112 is handled. Duration 216 ms by bot id=7978053850
2025-11-30 15:58:45,766 - aiogram.event - INFO - Update id=476722113 is handled. Duration 24787 ms by bot id=7978053850
2025-11-30 15:58:49,207 - aiogram.event - INFO - Update id=476722114 is handled. Duration 415 ms by bot id=7978053850
2025-11-30 15:58:50,859 - aiogram.event - INFO - Update id=476722115 is handled. Duration 258 ms by bot id=7978053850
2025-11-30 15:58:52,256 - aiogram.event - INFO - Update id=476722116 is handled. Duration 134 ms by bot id=7978053850
2025-11-30 15:58:57,057 - aiogram.event - INFO - Update id=476722117 is handled. Duration 178 ms by bot id=7978053850
2025-11-30 15:58:58,689 - aiogram.event - INFO - Update id=476722118 is handled. Duration 217 ms by bot id=7978053850
2025-11-30 15:59:00,352 - root - INFO - Retrieved logo for user 252202: Web3 Academy
2025-11-30 15:59:00,352 - root - INFO - Generating carousel. Slides: 3, BG: preset, Cover: False, CoverBytes: 0
2025-11-30 15:59:00,528 - root - INFO - Attempting to load font from: assets/fonts/font.ttf
2025-11-30 15:59:00,535 - root - INFO - Custom font 'rampart' loaded successfully.
2025-11-30 15:59:00,538 - root - INFO - Text Position requested: center
2025-11-30 15:59:00,538 - root - INFO - Total text height: 192
2025-11-30 15:59:00,538 - root - INFO - Calculated start_y: 579
2025-11-30 15:59:00,800 - root - INFO - Attempting to load font from: assets/fonts/font.ttf
2025-11-30 15:59:00,800 - root - INFO - Custom font 'rampart' loaded successfully.
2025-11-30 15:59:00,803 - root - INFO - Text Position requested: center
2025-11-30 15:59:00,803 - root - INFO - Total text height: 174
2025-11-30 15:59:00,803 - root - INFO - Calculated start_y: 588
2025-11-30 15:59:01,075 - root - INFO - Attempting to load font from: assets/fonts/font.ttf
2025-11-30 15:59:01,075 - root - INFO - Custom font 'rampart' loaded successfully.
2025-11-30 15:59:01,079 - root - INFO - Text Position requested: center
2025-11-30 15:59:01,079 - root - INFO - Total text height: 229
2025-11-30 15:59:01,079 - root - INFO - Calculated start_y: 560
2025-11-30 15:59:02,903 - aiogram.event - INFO - Update id=476722119 is handled. Duration 2840 ms by bot id=7978053850
2025-11-30 15:59:12,937 - aiogram.event - INFO - Update id=476722120 is handled. Duration 120 ms by bot id=7978053850
2025-11-30 15:59:14,952 - aiogram.event - INFO - Update id=476722121 is handled. Duration 113 ms by bot id=7978053850
2025-11-30 15:59:16,428 - aiogram.event - INFO - Update id=476722122 is handled. Duration 235 ms by bot id=7978053850
2025-11-30 15:59:29,417 - aiogram.event - INFO - Update id=476722123 is handled. Duration 11455 ms by bot id=7978053850
2025-11-30 15:59:31,183 - aiogram.event - INFO - Update id=476722124 is handled. Duration 433 ms by bot id=7978053850
2025-11-30 15:59:32,774 - aiogram.event - INFO - Update id=476722125 is handled. Duration 228 ms by bot id=7978053850
2025-11-30 15:59:33,798 - aiogram.event - INFO - Update id=476722126 is handled. Duration 111 ms by bot id=7978053850
2025-11-30 15:59:38,493 - aiogram.event - INFO - Update id=476722127 is handled. Duration 169 ms by bot id=7978053850
2025-11-30 15:59:40,580 - aiogram.event - INFO - Update id=476722128 is handled. Duration 231 ms by bot id=7978053850
2025-11-30 15:59:43,001 - root - INFO - Retrieved logo for user 252202: Web3 Academy
2025-11-30 15:59:43,002 - root - INFO - Generating carousel. Slides: 2, BG: preset, Cover: False, CoverBytes: 0
2025-11-30 15:59:43,341 - root - INFO - Attempting to load font from: assets/fonts/font.ttf
2025-11-30 15:59:43,343 - root - INFO - Custom font 'dela' loaded successfully.
2025-11-30 15:59:43,348 - root - INFO - Text Position requested: bottom
2025-11-30 15:59:43,348 - root - INFO - Total text height: 222
2025-11-30 15:59:43,348 - root - INFO - Calculated start_y: 928
2025-11-30 15:59:43,727 - root - INFO - Attempting to load font from: assets/fonts/font.ttf
2025-11-30 15:59:43,727 - root - INFO - Custom font 'dela' loaded successfully.
2025-11-30 15:59:43,734 - root - INFO - Text Position requested: bottom
2025-11-30 15:59:43,734 - root - INFO - Total text height: 277
2025-11-30 15:59:43,734 - root - INFO - Calculated start_y: 873
2025-11-30 15:59:44,936 - aiogram.event - INFO - Update id=476722129 is handled. Duration 2330 ms by bot id=7978053850
2025-11-30 16:02:16,505 - aiogram.dispatcher - WARNING - Received SIGINT signal
2025-11-30 16:02:16,512 - aiogram.dispatcher - INFO - Polling stopped for bot @karusel_chu_bot id=7978053850 - 'karusel_chu'
2025-11-30 16:02:16,512 - aiogram.dispatcher - INFO - Polling stopped
2025-11-30 16:02:27,750 - root - INFO - Database initialized successfully.
2025-11-30 16:02:27,751 - root - INFO - Bot started...
2025-11-30 16:02:27,751 - aiogram.dispatcher - INFO - Start polling
2025-11-30 16:02:28,113 - aiogram.dispatcher - INFO - Run polling for bot @karusel_chu_bot id=7978053850 - 'karusel_chu'
2025-11-30 16:02:31,651 - aiogram.event - INFO - Update id=476722130 is handled. Duration 282 ms by bot id=7978053850
2025-11-30 16:02:33,544 - aiogram.event - INFO - Update id=476722131 is handled. Duration 223 ms by bot id=7978053850
2025-11-30 16:02:37,773 - aiogram.event - INFO - Update id=476722132 is handled. Duration 122 ms by bot id=7978053850
2025-11-30 16:02:40,474 - aiogram.event - INFO - Update id=476722133 is handled. Duration 235 ms by bot id=7978053850
2025-11-30 16:02:47,150 - aiogram.event - INFO - Update id=476722134 is handled. Duration 5584 ms by bot id=7978053850
2025-11-30 16:02:53,246 - aiogram.event - INFO - Update id=476722135 is handled. Duration 308 ms by bot id=7978053850
2025-11-30 16:02:55,144 - aiogram.event - INFO - Update id=476722136 is handled. Duration 249 ms by bot id=7978053850
2025-11-30 16:02:56,121 - aiogram.event - INFO - Update id=476722137 is handled. Duration 137 ms by bot id=7978053850
2025-11-30 16:02:58,443 - aiogram.event - INFO - Update id=476722138 is handled. Duration 141 ms by bot id=7978053850
2025-11-30 16:03:00,286 - aiogram.event - INFO - Update id=476722139 is handled. Duration 443 ms by bot id=7978053850
2025-11-30 16:03:02,319 - root - INFO - Retrieved logo for user 252202: Web3 Academy
2025-11-30 16:03:02,319 - root - INFO - Generating carousel. Slides: 1, BG: preset, Cover: False, CoverBytes: 0
2025-11-30 16:03:02,514 - root - INFO - Attempting to load font from: assets/fonts/RampartOne-Regular.ttf
2025-11-30 16:03:02,522 - root - INFO - Custom font 'rampart' loaded successfully.
2025-11-30 16:03:02,534 - root - INFO - Text Position requested: bottom
2025-11-30 16:03:02,534 - root - INFO - Total text height: 590
2025-11-30 16:03:02,534 - root - INFO - Calculated start_y: 560
2025-11-30 16:03:03,840 - aiogram.event - INFO - Update id=476722140 is handled. Duration 1755 ms by bot id=7978053850
2025-11-30 16:03:42,671 - aiogram.event - INFO - Update id=476722141 is handled. Duration 161 ms by bot id=7978053850
2025-11-30 16:03:45,455 - root - INFO - Retrieved logo for user 252202: Web3 Academy
2025-11-30 16:03:45,567 - aiogram.event - INFO - Update id=476722142 is handled. Duration 115 ms by bot id=7978053850
2025-11-30 16:03:49,053 - aiogram.event - INFO - Update id=476722143 is handled. Duration 394 ms by bot id=7978053850
2025-11-30 16:03:51,234 - aiogram.event - INFO - Update id=476722144 is handled. Duration 319 ms by bot id=7978053850
2025-11-30 16:03:55,534 - root - INFO - Logo updated for user 252202: Леночка
2025-11-30 16:03:55,656 - aiogram.event - INFO - Update id=476722145 is handled. Duration 126 ms by bot id=7978053850
2025-11-30 16:03:59,638 - aiogram.event - INFO - Update id=476722146 is handled. Duration 119 ms by bot id=7978053850
2025-11-30 16:04:03,120 - aiogram.event - INFO - Update id=476722147 is handled. Duration 137 ms by bot id=7978053850
2025-11-30 16:04:05,283 - aiogram.event - INFO - Update id=476722148 is handled. Duration 210 ms by bot id=7978053850
2025-11-30 16:04:28,752 - aiogram.event - INFO - Update id=476722149 is handled. Duration 21303 ms by bot id=7978053850
2025-11-30 16:04:34,111 - aiogram.event - INFO - Update id=476722150 is handled. Duration 207 ms by bot id=7978053850
2025-11-30 16:04:36,327 - aiogram.event - INFO - Update id=476722151 is handled. Duration 259 ms by bot id=7978053850
2025-11-30 16:04:43,343 - aiogram.event - INFO - Update id=476722152 is handled. Duration 608 ms by bot id=7978053850
2025-11-30 16:04:45,681 - aiogram.event - INFO - Update id=476722153 is handled. Duration 120 ms by bot id=7978053850
2025-11-30 16:04:48,077 - aiogram.event - INFO - Update id=476722154 is handled. Duration 208 ms by bot id=7978053850
2025-11-30 16:04:50,109 - root - INFO - Retrieved logo for user 252202: Леночка
2025-11-30 16:04:50,110 - root - INFO - Generating carousel. Slides: 3, BG: custom, Cover: False, CoverBytes: 0
2025-11-30 16:04:50,262 - root - INFO - Attempting to load font from: assets/fonts/ProstoOne-Regular.ttf
2025-11-30 16:04:50,266 - root - INFO - Custom font 'prosto' loaded successfully.
2025-11-30 16:04:50,270 - root - INFO - Text Position requested: bottom
2025-11-30 16:04:50,270 - root - INFO - Total text height: 358
2025-11-30 16:04:50,270 - root - INFO - Calculated start_y: 792
2025-11-30 16:04:50,531 - root - INFO - Attempting to load font from: assets/fonts/ProstoOne-Regular.ttf
2025-11-30 16:04:50,531 - root - INFO - Custom font 'prosto' loaded successfully.
2025-11-30 16:04:50,534 - root - INFO - Text Position requested: bottom
2025-11-30 16:04:50,534 - root - INFO - Total text height: 284
2025-11-30 16:04:50,534 - root - INFO - Calculated start_y: 866
2025-11-30 16:04:50,794 - root - INFO - Attempting to load font from: assets/fonts/ProstoOne-Regular.ttf
2025-11-30 16:04:50,795 - root - INFO - Custom font 'prosto' loaded successfully.
2025-11-30 16:04:50,799 - root - INFO - Text Position requested: bottom
2025-11-30 16:04:50,799 - root - INFO - Total text height: 389
2025-11-30 16:04:50,799 - root - INFO - Calculated start_y: 761
2025-11-30 16:04:52,228 - aiogram.event - INFO - Update id=476722155 is handled. Duration 2375 ms by bot id=7978053850
2025-11-30 17:36:44,123 - aiogram.dispatcher - ERROR - Failed to fetch updates - TelegramNetworkError: HTTP Client says - ServerDisconnectedError: Server disconnected
2025-11-30 17:36:44,152 - aiogram.dispatcher - WARNING - Sleep for 1.000000 seconds and try again... (tryings = 0, bot id = 7978053850)
2025-11-30 17:41:38,596 - aiogram.dispatcher - INFO - Connection established (tryings = 1, bot id = 7978053850)
2025-11-30 18:25:23,869 - aiogram.dispatcher - ERROR - Failed to fetch updates - TelegramNetworkError: HTTP Client says - Request timeout error
2025-11-30 18:25:23,873 - aiogram.dispatcher - WARNING - Sleep for 1.000000 seconds and try again... (tryings = 0, bot id = 7978053850)
2025-11-30 18:25:35,706 - aiogram.dispatcher - INFO - Connection established (tryings = 1, bot id = 7978053850)
2025-11-30 18:39:10,299 - aiogram.dispatcher - WARNING - Received SIGINT signal
2025-11-30 18:39:10,336 - aiogram.dispatcher - INFO - Polling stopped for bot @karusel_chu_bot id=7978053850 - 'karusel_chu'
2025-11-30 18:39:10,339 - aiogram.dispatcher - INFO - Polling stopped
2025-11-30 18:59:46,548 - root - INFO - Database initialized successfully.
2025-11-30 18:59:46,549 - root - INFO - Bot started...
2025-11-30 18:59:46,549 - aiogram.dispatcher - INFO - Start polling
2025-11-30 18:59:46,924 - aiogram.dispatcher - INFO - Run polling for bot @karusel_chu_bot id=7978053850 - 'karusel_chu'
2025-11-30 19:00:00,622 - aiogram.event - INFO - Update id=476722156 is handled. Duration 313 ms by bot id=7978053850
2025-11-30 19:00:04,068 - aiogram.event - INFO - Update id=476722157 is handled. Duration 156 ms by bot id=7978053850
2025-11-30 19:00:06,265 - aiogram.event - INFO - Update id=476722158 is handled. Duration 403 ms by bot id=7978053850
2025-11-30 19:00:09,247 - aiogram.event - INFO - Update id=476722159 is handled. Duration 156 ms by bot id=7978053850
2025-11-30 19:00:10,776 - aiogram.event - INFO - Update id=476722160 is handled. Duration 111 ms by bot id=7978053850
2025-11-30 19:00:13,108 - aiogram.event - INFO - Update id=476722161 is handled. Duration 126 ms by bot id=7978053850
2025-11-30 19:00:14,361 - aiogram.event - INFO - Update id=476722162 is handled. Duration 190 ms by bot id=7978053850
2025-11-30 19:08:36,742 - aiogram.dispatcher - WARNING - Received SIGINT signal
2025-11-30 19:08:36,760 - aiogram.dispatcher - INFO - Polling stopped for bot @karusel_chu_bot id=7978053850 - 'karusel_chu'
2025-11-30 19:08:36,761 - aiogram.dispatcher - INFO - Polling stopped
2025-11-30 21:04:30,515 - root - INFO - Database initialized successfully.
2025-11-30 21:04:30,516 - root - INFO - Bot started...
2025-11-30 21:04:30,516 - aiogram.dispatcher - INFO - Start polling
2025-11-30 21:04:30,874 - aiogram.dispatcher - INFO - Run polling for bot @karusel_chu_bot id=7978053850 - 'karusel_chu'
2025-11-30 21:04:31,315 - aiogram.event - INFO - Update id=476722163 is handled. Duration 334 ms by bot id=7978053850
2025-11-30 21:04:51,441 - aiogram.event - INFO - Update id=476722164 is handled. Duration 138 ms by bot id=7978053850
2025-11-30 21:04:55,876 - aiogram.event - INFO - Update id=476722165 is handled. Duration 219 ms by bot id=7978053850
2025-11-30 21:05:10,116 - aiogram.event - INFO - Update id=476722166 is handled. Duration 11604 ms by bot id=7978053850
2025-11-30 21:05:13,162 - aiogram.event - INFO - Update id=476722167 is handled. Duration 438 ms by bot id=7978053850
2025-11-30 21:05:15,848 - aiogram.event - INFO - Update id=476722168 is handled. Duration 211 ms by bot id=7978053850
2025-11-30 21:05:18,261 - aiogram.event - INFO - Update id=476722169 is handled. Duration 208 ms by bot id=7978053850
2025-11-30 21:05:21,956 - aiogram.event - INFO - Update id=476722170 is handled. Duration 108 ms by bot id=7978053850
2025-11-30 21:05:24,048 - aiogram.event - INFO - Update id=476722171 is handled. Duration 265 ms by bot id=7978053850
2025-11-30 21:05:31,579 - aiogram.event - INFO - Update id=476722172 is handled. Duration 570 ms by bot id=7978053850
2025-11-30 21:05:34,566 - root - INFO - Retrieved logo for user 252202: Леночка
2025-11-30 21:05:34,566 - root - INFO - Generating carousel. Slides: 5, BG: preset, Cover: True, CoverBytes: 90077
2025-11-30 21:05:34,722 - root - INFO - Using custom cover for slide 1
2025-11-30 21:05:34,824 - root - INFO - Attempting to load font from: assets/fonts/RampartOne-Regular.ttf
2025-11-30 21:05:34,833 - root - INFO - Custom font 'rampart' loaded successfully.
2025-11-30 21:05:34,858 - root - INFO - Text Position requested: center
2025-11-30 21:05:34,858 - root - INFO - Total text height: 782
2025-11-30 21:05:34,858 - root - INFO - Calculated start_y: 284
2025-11-30 21:05:35,215 - root - INFO - Attempting to load font from: assets/fonts/RampartOne-Regular.ttf
2025-11-30 21:05:35,216 - root - INFO - Custom font 'rampart' loaded successfully.
2025-11-30 21:05:35,231 - root - INFO - Text Position requested: center
2025-11-30 21:05:35,231 - root - INFO - Total text height: 635
2025-11-30 21:05:35,231 - root - INFO - Calculated start_y: 357
2025-11-30 21:05:35,602 - root - INFO - Attempting to load font from: assets/fonts/RampartOne-Regular.ttf
2025-11-30 21:05:35,604 - root - INFO - Custom font 'rampart' loaded successfully.
2025-11-30 21:05:35,626 - root - INFO - Text Position requested: center
2025-11-30 21:05:35,626 - root - INFO - Total text height: 694
2025-11-30 21:05:35,626 - root - INFO - Calculated start_y: 328
2025-11-30 21:05:36,003 - root - INFO - Attempting to load font from: assets/fonts/RampartOne-Regular.ttf
2025-11-30 21:05:36,005 - root - INFO - Custom font 'rampart' loaded successfully.
2025-11-30 21:05:36,032 - root - INFO - Text Position requested: center
2025-11-30 21:05:36,032 - root - INFO - Total text height: 868
2025-11-30 21:05:36,032 - root - INFO - Calculated start_y: 241
2025-11-30 21:05:36,416 - root - INFO - Attempting to load font from: assets/fonts/RampartOne-Regular.ttf
2025-11-30 21:05:36,417 - root - INFO - Custom font 'rampart' loaded successfully.
2025-11-30 21:05:36,439 - root - INFO - Text Position requested: center
2025-11-30 21:05:36,439 - root - INFO - Total text height: 762
2025-11-30 21:05:36,439 - root - INFO - Calculated start_y: 294
2025-11-30 21:05:39,087 - aiogram.event - INFO - Update id=476722173 is handled. Duration 4793 ms by bot id=7978053850
2025-11-30 21:05:47,547 - aiogram.event - INFO - Update id=476722174 is handled. Duration 134 ms by bot id=7978053850
2025-11-30 21:05:49,306 - aiogram.event - INFO - Update id=476722175 is handled. Duration 122 ms by bot id=7978053850
2025-11-30 21:05:54,020 - aiogram.event - INFO - Update id=476722176 is handled. Duration 247 ms by bot id=7978053850
2025-11-30 21:06:15,683 - aiogram.event - INFO - Update id=476722177 is handled. Duration 20325 ms by bot id=7978053850
2025-11-30 21:06:18,470 - aiogram.event - INFO - Update id=476722178 is handled. Duration 434 ms by bot id=7978053850
2025-11-30 21:06:23,109 - aiogram.event - INFO - Update id=476722179 is handled. Duration 200 ms by bot id=7978053850
2025-11-30 21:06:24,170 - aiogram.event - INFO - Update id=476722180 is handled. Duration 138 ms by bot id=7978053850
2025-11-30 21:06:25,786 - aiogram.event - INFO - Update id=476722181 is handled. Duration 171 ms by bot id=7978053850
2025-11-30 21:06:27,588 - aiogram.event - INFO - Update id=476722182 is handled. Duration 341 ms by bot id=7978053850
2025-11-30 21:06:32,800 - aiogram.event - INFO - Update id=476722183 is handled. Duration 682 ms by bot id=7978053850
2025-11-30 21:06:35,526 - root - INFO - Retrieved logo for user 252202: Леночка
2025-11-30 21:06:35,526 - root - INFO - Generating carousel. Slides: 7, BG: preset, Cover: True, CoverBytes: 90077
2025-11-30 21:06:35,749 - root - INFO - Using custom cover for slide 1
2025-11-30 21:06:35,813 - root - INFO - Attempting to load font from: assets/fonts/font.ttf
2025-11-30 21:06:35,817 - root - INFO - Custom font 'standard' loaded successfully.
2025-11-30 21:06:35,831 - root - INFO - Text Position requested: center
2025-11-30 21:06:35,832 - root - INFO - Total text height: 464
2025-11-30 21:06:35,832 - root - INFO - Calculated start_y: 443
2025-11-30 21:06:36,198 - root - INFO - Attempting to load font from: assets/fonts/font.ttf
2025-11-30 21:06:36,199 - root - INFO - Custom font 'standard' loaded successfully.
2025-11-30 21:06:36,206 - root - INFO - Text Position requested: center
2025-11-30 21:06:36,206 - root - INFO - Total text height: 306
2025-11-30 21:06:36,207 - root - INFO - Calculated start_y: 522
2025-11-30 21:06:36,557 - root - INFO - Attempting to load font from: assets/fonts/font.ttf
2025-11-30 21:06:36,558 - root - INFO - Custom font 'standard' loaded successfully.
2025-11-30 21:06:36,573 - root - INFO - Text Position requested: center
2025-11-30 21:06:36,573 - root - INFO - Total text height: 508
2025-11-30 21:06:36,573 - root - INFO - Calculated start_y: 421
2025-11-30 21:06:36,957 - root - INFO - Attempting to load font from: assets/fonts/font.ttf
2025-11-30 21:06:36,957 - root - INFO - Custom font 'standard' loaded successfully.
2025-11-30 21:06:36,970 - root - INFO - Text Position requested: center
2025-11-30 21:06:36,970 - root - INFO - Total text height: 402
2025-11-30 21:06:36,971 - root - INFO - Calculated start_y: 474
2025-11-30 21:06:37,328 - root - INFO - Attempting to load font from: assets/fonts/font.ttf
2025-11-30 21:06:37,328 - root - INFO - Custom font 'standard' loaded successfully.
2025-11-30 21:06:37,335 - root - INFO - Text Position requested: center
2025-11-30 21:06:37,335 - root - INFO - Total text height: 201
2025-11-30 21:06:37,335 - root - INFO - Calculated start_y: 574
2025-11-30 21:06:37,693 - root - INFO - Attempting to load font from: assets/fonts/font.ttf
2025-11-30 21:06:37,694 - root - INFO - Custom font 'standard' loaded successfully.
2025-11-30 21:06:37,700 - root - INFO - Text Position requested: center
2025-11-30 21:06:37,700 - root - INFO - Total text height: 278
2025-11-30 21:06:37,700 - root - INFO - Calculated start_y: 536
2025-11-30 21:06:38,114 - root - INFO - Attempting to load font from: assets/fonts/font.ttf
2025-11-30 21:06:38,114 - root - INFO - Custom font 'standard' loaded successfully.
2025-11-30 21:06:38,121 - root - INFO - Text Position requested: center
2025-11-30 21:06:38,121 - root - INFO - Total text height: 308
2025-11-30 21:06:38,121 - root - INFO - Calculated start_y: 521
2025-11-30 21:06:40,804 - aiogram.event - INFO - Update id=476722184 is handled. Duration 5670 ms by bot id=7978053850
2025-11-30 21:06:54,717 - root - INFO - Retrieved logo for user 252202: Леночка
2025-11-30 21:06:54,859 - aiogram.event - INFO - Update id=476722185 is handled. Duration 145 ms by bot id=7978053850
2025-11-30 21:06:56,738 - aiogram.event - INFO - Update id=476722186 is handled. Duration 232 ms by bot id=7978053850
2025-11-30 21:07:01,998 - root - INFO - Logo updated for user 252202: Дима Спирит
2025-11-30 21:07:02,195 - aiogram.event - INFO - Update id=476722187 is handled. Duration 203 ms by bot id=7978053850
2025-11-30 21:07:05,136 - aiogram.event - INFO - Update id=476722188 is handled. Duration 115 ms by bot id=7978053850
2025-11-30 21:07:07,238 - aiogram.event - INFO - Update id=476722189 is handled. Duration 145 ms by bot id=7978053850
2025-11-30 21:07:12,727 - aiogram.event - INFO - Update id=476722190 is handled. Duration 213 ms by bot id=7978053850
2025-11-30 21:07:21,817 - aiogram.event - INFO - Update id=476722191 is handled. Duration 7530 ms by bot id=7978053850
2025-11-30 21:07:23,851 - aiogram.event - INFO - Update id=476722192 is handled. Duration 240 ms by bot id=7978053850
2025-11-30 21:07:25,043 - aiogram.event - INFO - Update id=476722193 is handled. Duration 250 ms by bot id=7978053850
2025-11-30 21:07:27,736 - aiogram.event - INFO - Update id=476722194 is handled. Duration 254 ms by bot id=7978053850
2025-11-30 21:07:29,254 - aiogram.event - INFO - Update id=476722195 is handled. Duration 135 ms by bot id=7978053850
2025-11-30 21:07:30,858 - aiogram.event - INFO - Update id=476722196 is handled. Duration 236 ms by bot id=7978053850
2025-11-30 21:07:36,882 - aiogram.event - INFO - Update id=476722197 is handled. Duration 772 ms by bot id=7978053850
2025-11-30 21:07:38,669 - root - INFO - Retrieved logo for user 252202: Дима Спирит
2025-11-30 21:07:38,670 - root - INFO - Generating carousel. Slides: 7, BG: preset, Cover: True, CoverBytes: 90077
2025-11-30 21:07:38,781 - root - INFO - Using custom cover for slide 1
2025-11-30 21:07:38,848 - root - INFO - Attempting to load font from: assets/fonts/font.ttf
2025-11-30 21:07:38,852 - root - INFO - Custom font 'standard' loaded successfully.
2025-11-30 21:07:38,869 - root - INFO - Text Position requested: center
2025-11-30 21:07:38,869 - root - INFO - Total text height: 615
2025-11-30 21:07:38,869 - root - INFO - Calculated start_y: 367
2025-11-30 21:07:39,183 - root - INFO - Attempting to load font from: assets/fonts/font.ttf
2025-11-30 21:07:39,183 - root - INFO - Custom font 'standard' loaded successfully.
2025-11-30 21:07:39,187 - root - INFO - Text Position requested: center
2025-11-30 21:07:39,187 - root - INFO - Total text height: 239
2025-11-30 21:07:39,187 - root - INFO - Calculated start_y: 555
2025-11-30 21:07:39,531 - root - INFO - Attempting to load font from: assets/fonts/font.ttf
2025-11-30 21:07:39,531 - root - INFO - Custom font 'standard' loaded successfully.
2025-11-30 21:07:39,535 - root - INFO - Text Position requested: center
2025-11-30 21:07:39,535 - root - INFO - Total text height: 222
2025-11-30 21:07:39,535 - root - INFO - Calculated start_y: 564
2025-11-30 21:07:39,899 - root - INFO - Attempting to load font from: assets/fonts/font.ttf
2025-11-30 21:07:39,899 - root - INFO - Custom font 'standard' loaded successfully.
2025-11-30 21:07:39,911 - root - INFO - Text Position requested: center
2025-11-30 21:07:39,911 - root - INFO - Total text height: 395
2025-11-30 21:07:39,911 - root - INFO - Calculated start_y: 477
2025-11-30 21:07:40,495 - root - INFO - Attempting to load font from: assets/fonts/font.ttf
2025-11-30 21:07:40,495 - root - INFO - Custom font 'standard' loaded successfully.
2025-11-30 21:07:40,507 - root - INFO - Text Position requested: center
2025-11-30 21:07:40,507 - root - INFO - Total text height: 401
2025-11-30 21:07:40,507 - root - INFO - Calculated start_y: 474
2025-11-30 21:07:40,922 - root - INFO - Attempting to load font from: assets/fonts/font.ttf
2025-11-30 21:07:40,922 - root - INFO - Custom font 'standard' loaded successfully.
2025-11-30 21:07:40,929 - root - INFO - Text Position requested: center
2025-11-30 21:07:40,929 - root - INFO - Total text height: 201
2025-11-30 21:07:40,929 - root - INFO - Calculated start_y: 574
2025-11-30 21:07:41,353 - root - INFO - Attempting to load font from: assets/fonts/font.ttf
2025-11-30 21:07:41,353 - root - INFO - Custom font 'standard' loaded successfully.
2025-11-30 21:07:41,365 - root - INFO - Text Position requested: center
2025-11-30 21:07:41,366 - root - INFO - Total text height: 411
2025-11-30 21:07:41,366 - root - INFO - Calculated start_y: 469
2025-11-30 21:07:46,875 - aiogram.event - INFO - Update id=476722198 is handled. Duration 8417 ms by bot id=7978053850
2025-11-30 23:07:38,307 - aiogram.dispatcher - ERROR - Failed to fetch updates - TelegramNetworkError: HTTP Client says - Request timeout error
2025-11-30 23:07:38,311 - aiogram.dispatcher - WARNING - Sleep for 1.000000 seconds and try again... (tryings = 0, bot id = 7978053850)
2025-11-30 23:14:28,110 - aiogram.dispatcher - INFO - Connection established (tryings = 1, bot id = 7978053850)
2025-12-01 05:05:55,682 - aiogram.dispatcher - ERROR - Failed to fetch updates - TelegramNetworkError: HTTP Client says - Request timeout error
2025-12-01 05:05:55,686 - aiogram.dispatcher - WARNING - Sleep for 1.000000 seconds and try again... (tryings = 0, bot id = 7978053850)
2025-12-01 06:38:41,687 - aiogram.dispatcher - ERROR - Failed to fetch updates - TelegramNetworkError: HTTP Client says - Request timeout error
2025-12-01 06:38:41,692 - aiogram.dispatcher - WARNING - Sleep for 1.251679 seconds and try again... (tryings = 1, bot id = 7978053850)
2025-12-01 06:43:34,618 - aiogram.dispatcher - INFO - Connection established (tryings = 2, bot id = 7978053850)
2025-12-01 08:56:54,904 - aiogram.dispatcher - ERROR - Failed to fetch updates - TelegramNetworkError: HTTP Client says - Request timeout error
2025-12-01 08:56:54,908 - aiogram.dispatcher - WARNING - Sleep for 1.000000 seconds and try again... (tryings = 0, bot id = 7978053850)
2025-12-01 08:57:10,565 - aiogram.dispatcher - INFO - Connection established (tryings = 1, bot id = 7978053850)
2025-12-01 10:20:15,906 - aiogram.dispatcher - ERROR - Failed to fetch updates - TelegramNetworkError: HTTP Client says - Request timeout error
2025-12-01 10:20:15,915 - aiogram.dispatcher - WARNING - Sleep for 1.000000 seconds and try again... (tryings = 0, bot id = 7978053850)
2025-12-01 10:20:27,106 - aiogram.dispatcher - INFO - Connection established (tryings = 1, bot id = 7978053850)
2025-12-01 11:41:24,548 - aiogram.dispatcher - ERROR - Failed to fetch updates - TelegramNetworkError: HTTP Client says - Request timeout error
2025-12-01 11:41:24,553 - aiogram.dispatcher - WARNING - Sleep for 1.000000 seconds and try again... (tryings = 0, bot id = 7978053850)
2025-12-01 11:41:36,188 - aiogram.dispatcher - INFO - Connection established (tryings = 1, bot id = 7978053850)
2025-12-01 12:29:58,486 - aiogram.dispatcher - WARNING - Received SIGINT signal
2025-12-01 12:29:58,506 - aiogram.dispatcher - INFO - Polling stopped for bot @karusel_chu_bot id=7978053850 - 'karusel_chu'
2025-12-01 12:29:58,507 - aiogram.dispatcher - INFO - Polling stopped
